	gene	Community_Module
0	AA986860	Joint_Module_1
1	Abcd3	Joint_Module_1
2	Acoxl	Joint_Module_1
3	Acsl4	Joint_Module_1
4	Adgrf5	Joint_Module_1
5	Afap1l1	Joint_Module_1
6	Alcam	Joint_Module_1
7	Anxa3	Joint_Module_1
8	Aqp5	Joint_Module_1
9	Areg	Joint_Module_1
10	Atp1b1	Joint_Module_1
11	Atp6v0a4	Joint_Module_1
12	Atp6v1g1	Joint_Module_1
13	Bcl2a1b	Joint_Module_1
14	Bex2	Joint_Module_1
15	Bex4	Joint_Module_1
16	Brd7	Joint_Module_1
17	Btg3	Joint_Module_1
18	C77080	Joint_Module_1
19	Calm1	Joint_Module_1
20	Cd200	Joint_Module_1
21	Cd36	Joint_Module_1
22	Cdkn1c	Joint_Module_1
23	Cds1	Joint_Module_1
24	Cldn18	Joint_Module_1
25	Cldn3	Joint_Module_1
26	Clic5	Joint_Module_1
27	Cntrl	Joint_Module_1
28	Col6a1	Joint_Module_1
29	Crh	Joint_Module_1
30	Cryab	Joint_Module_1
31	Crym	Joint_Module_1
32	Ctsc	Joint_Module_1
33	Ctsh	Joint_Module_1
34	Cxcl15	Joint_Module_1
35	Cystm1	Joint_Module_1
36	Dag1	Joint_Module_1
37	Dlk1	Joint_Module_1
38	Dmkn	Joint_Module_1
39	Egfl6	Joint_Module_1
40	Eif4h	Joint_Module_1
41	Elovl1	Joint_Module_1
42	Emp2	Joint_Module_1
43	Epas1	Joint_Module_1
44	Ereg	Joint_Module_1
45	Exosc7	Joint_Module_1
46	Fam174b	Joint_Module_1
47	Fam189a2	Joint_Module_1
48	Fasn	Joint_Module_1
49	Fdx1	Joint_Module_1
50	Filip1	Joint_Module_1
51	Gclc	Joint_Module_1
52	Gm19990	Joint_Module_1
53	Gm26782	Joint_Module_1
54	Gm9856	Joint_Module_1
55	Grb14	Joint_Module_1
56	H2-D1	Joint_Module_1
57	H2-K1	Joint_Module_1
58	H2afj	Joint_Module_1
59	Hc	Joint_Module_1
60	Herpud1	Joint_Module_1
61	Iqgap1	Joint_Module_1
62	Irx1	Joint_Module_1
63	Irx2	Joint_Module_1
64	Itga9	Joint_Module_1
65	Kcne2	Joint_Module_1
66	Kcnj15	Joint_Module_1
67	Lamp3	Joint_Module_1
68	Lgi3	Joint_Module_1
69	Lmo7	Joint_Module_1
70	Lpcat1	Joint_Module_1
71	Lpin2	Joint_Module_1
72	Ly6c1	Joint_Module_1
73	Lyz2	Joint_Module_1
74	Malt1	Joint_Module_1
75	Mfsd2a	Joint_Module_1
76	Mid1ip1	Joint_Module_1
77	Mlc1	Joint_Module_1
78	Mme	Joint_Module_1
79	Msrb3	Joint_Module_1
80	Myh14	Joint_Module_1
81	Myl6	Joint_Module_1
82	Myo5b	Joint_Module_1
83	Napsa	Joint_Module_1
84	Ndnf	Joint_Module_1
85	Ndufb11	Joint_Module_1
86	Neat1	Joint_Module_1
87	Nkd1	Joint_Module_1
88	Npc1	Joint_Module_1
89	Npc2	Joint_Module_1
90	Npnt	Joint_Module_1
91	Oat	Joint_Module_1
92	Ociad2	Joint_Module_1
93	Ostf1	Joint_Module_1
94	Oxct1	Joint_Module_1
95	Pdlim2	Joint_Module_1
96	Pi4k2b	Joint_Module_1
97	Pmvk	Joint_Module_1
98	Ppp1r14c	Joint_Module_1
99	Prkar2a	Joint_Module_1
100	Prmt8	Joint_Module_1
101	Procr	Joint_Module_1
102	Prr15l	Joint_Module_1
103	Ptprn	Joint_Module_1
104	Rasgef1a	Joint_Module_1
105	Rassf2	Joint_Module_1
106	Rgcc	Joint_Module_1
107	Rgs10	Joint_Module_1
108	S100g	Joint_Module_1
109	Scarb2	Joint_Module_1
110	Scd1	Joint_Module_1
111	Scd2	Joint_Module_1
112	Sdc4	Joint_Module_1
113	Secisbp2l	Joint_Module_1
114	Sema3c	Joint_Module_1
115	Sfta2	Joint_Module_1
116	Sftpa1	Joint_Module_1
117	Sftpc	Joint_Module_1
118	Sftpd	Joint_Module_1
119	Slc34a2	Joint_Module_1
120	Slc4a4	Joint_Module_1
121	Snx25	Joint_Module_1
122	Socs2	Joint_Module_1
123	Spag9	Joint_Module_1
124	Spink5	Joint_Module_1
125	Tacstd2	Joint_Module_1
126	Tc2n	Joint_Module_1
127	Tceal9	Joint_Module_1
128	Tgfbi	Joint_Module_1
129	Tinagl1	Joint_Module_1
130	Tmem163	Joint_Module_1
131	Tmem243	Joint_Module_1
132	Tmem30a	Joint_Module_1
133	Tmem50b	Joint_Module_1
134	Tmsb4x	Joint_Module_1
135	Tnfaip1	Joint_Module_1
136	Tnfaip8l3	Joint_Module_1
137	Tnfsf9	Joint_Module_1
138	Tram2	Joint_Module_1
139	Trp53inp2	Joint_Module_1
140	Tspan11	Joint_Module_1
141	Tspan2	Joint_Module_1
142	Ttc9	Joint_Module_1
143	Ubl3	Joint_Module_1
144	Vamp8	Joint_Module_1
145	Wdr45	Joint_Module_1
146	Zdhhc3	Joint_Module_1
0	1810037I17Rik	Joint_Module_10
1	2200002D01Rik	Joint_Module_10
2	Bcr	Joint_Module_10
3	Cmas	Joint_Module_10
4	Ctse	Joint_Module_10
5	Cym	Joint_Module_10
6	Dusp6	Joint_Module_10
7	Ero1l	Joint_Module_10
8	Gkn1	Joint_Module_10
9	Gzme	Joint_Module_10
10	Id1	Joint_Module_10
11	Itga2	Joint_Module_10
12	Krt19	Joint_Module_10
13	Lamc2	Joint_Module_10
14	Mboat1	Joint_Module_10
15	Mcpt1	Joint_Module_10
16	Mcpt8	Joint_Module_10
17	Mmp12	Joint_Module_10
18	Mt1	Joint_Module_10
19	Mt2	Joint_Module_10
20	Pfkl	Joint_Module_10
21	Pgam2	Joint_Module_10
22	Plek2	Joint_Module_10
23	Pthlh	Joint_Module_10
24	S100a16	Joint_Module_10
25	Samd5	Joint_Module_10
26	Scara3	Joint_Module_10
27	Sri	Joint_Module_10
28	Tff1	Joint_Module_10
29	Tpsab1	Joint_Module_10
30	Trim27	Joint_Module_10
31	Vegfa	Joint_Module_10
0	0710001A04Rik	Joint_Module_11
1	1010001N08Rik	Joint_Module_11
2	1110008P14Rik	Joint_Module_11
3	1700049E15Rik	Joint_Module_11
4	1810019D21Rik	Joint_Module_11
5	2010300C02Rik	Joint_Module_11
6	2510009E07Rik	Joint_Module_11
7	2810459M11Rik	Joint_Module_11
8	2900005J15Rik	Joint_Module_11
9	4930556M19Rik	Joint_Module_11
10	4930581F22Rik	Joint_Module_11
11	5330417C22Rik	Joint_Module_11
12	5830428M24Rik	Joint_Module_11
13	9330188P03Rik	Joint_Module_11
14	9530077C05Rik	Joint_Module_11
15	9530082P21Rik	Joint_Module_11
16	9930012K11Rik	Joint_Module_11
17	A2ml1	Joint_Module_11
18	A530020G20Rik	Joint_Module_11
19	AU021092	Joint_Module_11
20	Abcc3	Joint_Module_11
21	Abcc4	Joint_Module_11
22	Abcc5	Joint_Module_11
23	Abhd11	Joint_Module_11
24	Abhd16a	Joint_Module_11
25	Abhd4	Joint_Module_11
26	Acaa1a	Joint_Module_11
27	Acadl	Joint_Module_11
28	Acadm	Joint_Module_11
29	Acat1	Joint_Module_11
30	Acer3	Joint_Module_11
31	Aco1	Joint_Module_11
32	Acot13	Joint_Module_11
33	Acox1	Joint_Module_11
34	Acpp	Joint_Module_11
35	Acsl5	Joint_Module_11
36	Acss1	Joint_Module_11
37	Adamts10	Joint_Module_11
38	Adgrg1	Joint_Module_11
39	Adk	Joint_Module_11
40	Adora1	Joint_Module_11
41	Adssl1	Joint_Module_11
42	Adtrp	Joint_Module_11
43	Afdn	Joint_Module_11
44	Agpat2	Joint_Module_11
45	Agr2	Joint_Module_11
46	Ahcyl2	Joint_Module_11
47	Ak1	Joint_Module_11
48	Akap13	Joint_Module_11
49	Akap7	Joint_Module_11
50	Akap8l	Joint_Module_11
51	Akap9	Joint_Module_11
52	Akr1a1	Joint_Module_11
53	Akr1b8	Joint_Module_11
54	Akr1c13	Joint_Module_11
55	Akr1c19	Joint_Module_11
56	Alad	Joint_Module_11
57	Alb	Joint_Module_11
58	Aldh2	Joint_Module_11
59	Aldh3a2	Joint_Module_11
60	Aldh9a1	Joint_Module_11
61	Amhr2	Joint_Module_11
62	Ampd3	Joint_Module_11
63	Ang	Joint_Module_11
64	Ank3	Joint_Module_11
65	Ankrd12	Joint_Module_11
66	Ankrd16	Joint_Module_11
67	Antxr1	Joint_Module_11
68	Anxa4	Joint_Module_11
69	Aox1	Joint_Module_11
70	Ap1m2	Joint_Module_11
71	Ap5s1	Joint_Module_11
72	Apmap	Joint_Module_11
73	Apob	Joint_Module_11
74	Apoc1	Joint_Module_11
75	Arfgef1	Joint_Module_11
76	Arfgef3	Joint_Module_11
77	Arg2	Joint_Module_11
78	Arglu1	Joint_Module_11
79	Arhgap18	Joint_Module_11
80	Arhgef16	Joint_Module_11
81	Arl1	Joint_Module_11
82	Arl4a	Joint_Module_11
83	Arl6ip4	Joint_Module_11
84	Arrdc1	Joint_Module_11
85	Arrdc4	Joint_Module_11
86	Atox1	Joint_Module_11
87	Atp11a	Joint_Module_11
88	Atp11b	Joint_Module_11
89	Atp13a4	Joint_Module_11
90	Atp1a1	Joint_Module_11
91	Atp2a3	Joint_Module_11
92	Atp5a1	Joint_Module_11
93	Atp5c1	Joint_Module_11
94	Atp5f1	Joint_Module_11
95	Atp5g3	Joint_Module_11
96	Atp6v0d1	Joint_Module_11
97	Atp6v1c2	Joint_Module_11
98	Atp6v1g3	Joint_Module_11
99	Atp7b	Joint_Module_11
100	Atp8a1	Joint_Module_11
101	Atp8b1	Joint_Module_11
102	Atp9a	Joint_Module_11
103	Atxn7l3b	Joint_Module_11
104	Avpi1	Joint_Module_11
105	Azin1	Joint_Module_11
106	B830012L14Rik	Joint_Module_11
107	BC003965	Joint_Module_11
108	BC051142	Joint_Module_11
109	Bace2	Joint_Module_11
110	Bag1	Joint_Module_11
111	Bambi	Joint_Module_11
112	Baz2b	Joint_Module_11
113	Bcam	Joint_Module_11
114	Bcan	Joint_Module_11
115	Bcap29	Joint_Module_11
116	Bcl2l15	Joint_Module_11
117	Bend7	Joint_Module_11
118	Bex1	Joint_Module_11
119	Bloc1s1	Joint_Module_11
120	Bmx	Joint_Module_11
121	Bphl	Joint_Module_11
122	Bpifa1	Joint_Module_11
123	Btg2	Joint_Module_11
124	C530008M17Rik	Joint_Module_11
125	C6	Joint_Module_11
126	Cab39	Joint_Module_11
127	Cab39l	Joint_Module_11
128	Cacna1h	Joint_Module_11
129	Cadps2	Joint_Module_11
130	Calr	Joint_Module_11
131	Car8	Joint_Module_11
132	Casz1	Joint_Module_11
133	Cat	Joint_Module_11
134	Cbarp	Joint_Module_11
135	Cblc	Joint_Module_11
136	Cbr1	Joint_Module_11
137	Cbr3	Joint_Module_11
138	Cbx6	Joint_Module_11
139	Cbx7	Joint_Module_11
140	Ccdc107	Joint_Module_11
141	Ccdc141	Joint_Module_11
142	Ccdc152	Joint_Module_11
143	Ccdc189	Joint_Module_11
144	Ccdc25	Joint_Module_11
145	Ccdc88c	Joint_Module_11
146	Ccnl2	Joint_Module_11
147	Ccnt2	Joint_Module_11
148	Cd14	Joint_Module_11
149	Cd164l2	Joint_Module_11
150	Cd177	Joint_Module_11
151	Cd2ap	Joint_Module_11
152	Cd302	Joint_Module_11
153	Cd47	Joint_Module_11
154	Cd55	Joint_Module_11
155	Cd59a	Joint_Module_11
156	Cd63	Joint_Module_11
157	Cd74	Joint_Module_11
158	Cd81	Joint_Module_11
159	Cdc25b	Joint_Module_11
160	Cdc42bpg	Joint_Module_11
161	Cdc42ep3	Joint_Module_11
162	Cdc73	Joint_Module_11
163	Cdip1	Joint_Module_11
164	Cdk5rap1	Joint_Module_11
165	Ceacam1	Joint_Module_11
166	Ceacam10	Joint_Module_11
167	Cebpa	Joint_Module_11
168	Cebpg	Joint_Module_11
169	Cela1	Joint_Module_11
170	Celf4	Joint_Module_11
171	Celsr1	Joint_Module_11
172	Cenpb	Joint_Module_11
173	Cep70	Joint_Module_11
174	Cgn	Joint_Module_11
175	Chchd10	Joint_Module_11
176	Chd6	Joint_Module_11
177	Chd9	Joint_Module_11
178	Chka	Joint_Module_11
179	Chml	Joint_Module_11
180	Chpt1	Joint_Module_11
181	Ckb	Joint_Module_11
182	Ckmt1	Joint_Module_11
183	Cldn7	Joint_Module_11
184	Clic3	Joint_Module_11
185	Clk1	Joint_Module_11
186	Clmn	Joint_Module_11
187	Clstn1	Joint_Module_11
188	Cmbl	Joint_Module_11
189	Cnppd1	Joint_Module_11
190	Col18a1	Joint_Module_11
191	Colgalt1	Joint_Module_11
192	Coq8a	Joint_Module_11
193	Cox7a2l	Joint_Module_11
194	Cpm	Joint_Module_11
195	Cpn1	Joint_Module_11
196	Cpne2	Joint_Module_11
197	Cpox	Joint_Module_11
198	Cpsf3	Joint_Module_11
199	Cramp1l	Joint_Module_11
200	Creb3l1	Joint_Module_11
201	Creg1	Joint_Module_11
202	Crip2	Joint_Module_11
203	Cry2	Joint_Module_11
204	Csad	Joint_Module_11
205	Csgalnact2	Joint_Module_11
206	Cstb	Joint_Module_11
207	Ctnna1	Joint_Module_11
208	Ctsa	Joint_Module_11
209	Cyb5a	Joint_Module_11
210	Cyb5r1	Joint_Module_11
211	Cyb5r3	Joint_Module_11
212	Cybrd1	Joint_Module_11
213	Cyc1	Joint_Module_11
214	Cyhr1	Joint_Module_11
215	Cyp2c68	Joint_Module_11
216	Cyp2s1	Joint_Module_11
217	Cyp4v3	Joint_Module_11
218	D630039A03Rik	Joint_Module_11
219	Dab2ip	Joint_Module_11
220	Dapk1	Joint_Module_11
221	Dcaf8	Joint_Module_11
222	Dcxr	Joint_Module_11
223	Ddc	Joint_Module_11
224	Ddo	Joint_Module_11
225	Ddt	Joint_Module_11
226	Ddx17	Joint_Module_11
227	Decr1	Joint_Module_11
228	Dennd2d	Joint_Module_11
229	Dennd3	Joint_Module_11
230	Deptor	Joint_Module_11
231	Dhdh	Joint_Module_11
232	Dhrs1	Joint_Module_11
233	Dhrs3	Joint_Module_11
234	Dhrs7	Joint_Module_11
235	Dhx32	Joint_Module_11
236	Diaph1	Joint_Module_11
237	Dipk1b	Joint_Module_11
238	Dlc1	Joint_Module_11
239	Dnajc1	Joint_Module_11
240	Dnajc22	Joint_Module_11
241	Dock4	Joint_Module_11
242	Dpp4	Joint_Module_11
243	Dpp9	Joint_Module_11
244	Dram2	Joint_Module_11
245	Dsc3	Joint_Module_11
246	Dsg2	Joint_Module_11
247	Dtd1	Joint_Module_11
248	Dynlt1b	Joint_Module_11
249	Dynlt1c	Joint_Module_11
250	Ece1	Joint_Module_11
251	Ech1	Joint_Module_11
252	Echdc2	Joint_Module_11
253	Echdc3	Joint_Module_11
254	Eci1	Joint_Module_11
255	Ecpas	Joint_Module_11
256	Edem2	Joint_Module_11
257	Ehf	Joint_Module_11
258	Eif2s3y	Joint_Module_11
259	Eif4g3	Joint_Module_11
260	Elf3	Joint_Module_11
261	Elf5	Joint_Module_11
262	Elfn1	Joint_Module_11
263	Emb	Joint_Module_11
264	Emc4	Joint_Module_11
265	Emc6	Joint_Module_11
266	Enpp5	Joint_Module_11
267	Entpd5	Joint_Module_11
268	Eogt	Joint_Module_11
269	Epb41l4aos	Joint_Module_11
270	Epb41l4b	Joint_Module_11
271	Epb41l5	Joint_Module_11
272	Eps8l1	Joint_Module_11
273	Erbb3	Joint_Module_11
274	Erlin2	Joint_Module_11
275	Ermp1	Joint_Module_11
276	Erp29	Joint_Module_11
277	Esrp1	Joint_Module_11
278	Esrp2	Joint_Module_11
279	Etfb	Joint_Module_11
280	Etfrf1	Joint_Module_11
281	Etv1	Joint_Module_11
282	Eya2	Joint_Module_11
283	Faah	Joint_Module_11
284	Fam107b	Joint_Module_11
285	Fam117b	Joint_Module_11
286	Fam178b	Joint_Module_11
287	Fam234a	Joint_Module_11
288	Fam83a	Joint_Module_11
289	Fbln5	Joint_Module_11
290	Fbp1	Joint_Module_11
291	Ffar4	Joint_Module_11
292	Fgf1	Joint_Module_11
293	Fgfr2	Joint_Module_11
294	Fgl1	Joint_Module_11
295	Fh1	Joint_Module_11
296	Firre	Joint_Module_11
297	Fitm2	Joint_Module_11
298	Fkbp11	Joint_Module_11
299	Flot1	Joint_Module_11
300	Fmo1	Joint_Module_11
301	Fmo2	Joint_Module_11
302	Fmo4	Joint_Module_11
303	Foxa2	Joint_Module_11
304	Foxo1	Joint_Module_11
305	Fuca1	Joint_Module_11
306	Fut2	Joint_Module_11
307	Fut8	Joint_Module_11
308	Fzd7	Joint_Module_11
309	G0s2	Joint_Module_11
310	Gaa	Joint_Module_11
311	Gab1	Joint_Module_11
312	Galnt7	Joint_Module_11
313	Gas6	Joint_Module_11
314	Gch1	Joint_Module_11
315	Gclm	Joint_Module_11
316	Gde1	Joint_Module_11
317	Gdpd2	Joint_Module_11
318	Gfer	Joint_Module_11
319	Gfpt1	Joint_Module_11
320	Ggcx	Joint_Module_11
321	Ghrl	Joint_Module_11
322	Gipc2	Joint_Module_11
323	Gja3	Joint_Module_11
324	Gjb1	Joint_Module_11
325	Gk	Joint_Module_11
326	Glo1	Joint_Module_11
327	Glrx	Joint_Module_11
328	Glrx2	Joint_Module_11
329	Glud1	Joint_Module_11
330	Glul	Joint_Module_11
331	Glyr1	Joint_Module_11
332	Gm11342	Joint_Module_11
333	Gm13398	Joint_Module_11
334	Gm15222	Joint_Module_11
335	Gm16136	Joint_Module_11
336	Gm26813	Joint_Module_11
337	Gm28417	Joint_Module_11
338	Gm37899	Joint_Module_11
339	Gm42418	Joint_Module_11
340	Gm43414	Joint_Module_11
341	Gm8113	Joint_Module_11
342	Gne	Joint_Module_11
343	Gnpat	Joint_Module_11
344	Gnptab	Joint_Module_11
345	Golgb1	Joint_Module_11
346	Gpc3	Joint_Module_11
347	Gpd1	Joint_Module_11
348	Gpt	Joint_Module_11
349	Gpx1	Joint_Module_11
350	Gpx2	Joint_Module_11
351	Grcc10	Joint_Module_11
352	Grina	Joint_Module_11
353	Grk3	Joint_Module_11
354	Gsap	Joint_Module_11
355	Gsta1	Joint_Module_11
356	Gsta4	Joint_Module_11
357	Gstk1	Joint_Module_11
358	Gstm1	Joint_Module_11
359	Gstm2	Joint_Module_11
360	Gsto1	Joint_Module_11
361	Gstp1	Joint_Module_11
362	Gstp3	Joint_Module_11
363	Gstt1	Joint_Module_11
364	Gstt2	Joint_Module_11
365	Gstt3	Joint_Module_11
366	Gstz1	Joint_Module_11
367	H13	Joint_Module_11
368	H2-Q2	Joint_Module_11
369	H6pd	Joint_Module_11
370	Habp2	Joint_Module_11
371	Hadha	Joint_Module_11
372	Hap1	Joint_Module_11
373	Hdac5	Joint_Module_11
374	Hdac7	Joint_Module_11
375	Hibadh	Joint_Module_11
376	Hid1	Joint_Module_11
377	Hint2	Joint_Module_11
378	Hip1r	Joint_Module_11
379	Hjurp	Joint_Module_11
380	Hmgb3	Joint_Module_11
381	Hnrnph3	Joint_Module_11
382	Hook1	Joint_Module_11
383	Hpn	Joint_Module_11
384	Hps5	Joint_Module_11
385	Hsbp1l1	Joint_Module_11
386	Hsd11b2	Joint_Module_11
387	Hsd17b10	Joint_Module_11
388	Hsd17b14	Joint_Module_11
389	Hsd17b4	Joint_Module_11
390	Hsp90b1	Joint_Module_11
391	Hspa5	Joint_Module_11
392	Hyi	Joint_Module_11
393	Ica1	Joint_Module_11
394	Ick	Joint_Module_11
395	Idh1	Joint_Module_11
396	Idh3b	Joint_Module_11
397	Ift20	Joint_Module_11
398	Igsf23	Joint_Module_11
399	Il17rc	Joint_Module_11
400	Il17re	Joint_Module_11
401	Il18r1	Joint_Module_11
402	Ints6l	Joint_Module_11
403	Iqank1	Joint_Module_11
404	Isoc1	Joint_Module_11
405	Isyna1	Joint_Module_11
406	Itga7	Joint_Module_11
407	Itih2	Joint_Module_11
408	Itm2a	Joint_Module_11
409	Itm2c	Joint_Module_11
410	Itpr2	Joint_Module_11
411	Ivd	Joint_Module_11
412	Jmjd1c	Joint_Module_11
413	Jtb	Joint_Module_11
414	Kank3	Joint_Module_11
415	Kcnc3	Joint_Module_11
416	Kcnn3	Joint_Module_11
417	Kcnq1ot1	Joint_Module_11
418	Kctd1	Joint_Module_11
419	Kctd14	Joint_Module_11
420	Kdsr	Joint_Module_11
421	Kif13a	Joint_Module_11
422	Kif21a	Joint_Module_11
423	Kifc2	Joint_Module_11
424	Klc3	Joint_Module_11
425	Klk13	Joint_Module_11
426	Lama5	Joint_Module_11
427	Laptm4b	Joint_Module_11
428	Large2	Joint_Module_11
429	Las1l	Joint_Module_11
430	Lbp	Joint_Module_11
431	Leng8	Joint_Module_11
432	Lgals4	Joint_Module_11
433	Limk2	Joint_Module_11
434	Lipa	Joint_Module_11
435	Liph	Joint_Module_11
436	Llgl2	Joint_Module_11
437	Lmbrd1	Joint_Module_11
438	Lonp2	Joint_Module_11
439	Lpcat3	Joint_Module_11
440	Lratd2	Joint_Module_11
441	Lrg1	Joint_Module_11
442	Lrp2	Joint_Module_11
443	Lrp4	Joint_Module_11
444	Lrrc8c	Joint_Module_11
445	Lrrfip2	Joint_Module_11
446	Luc7l	Joint_Module_11
447	Ly6c2	Joint_Module_11
448	Lyst	Joint_Module_11
449	Macc1	Joint_Module_11
450	Maged1	Joint_Module_11
451	Mal2	Joint_Module_11
452	Malat1	Joint_Module_11
453	Man2a1	Joint_Module_11
454	Man2a2	Joint_Module_11
455	Maob	Joint_Module_11
456	Map1lc3a	Joint_Module_11
457	Map3k9	Joint_Module_11
458	Map7	Joint_Module_11
459	Mapk12	Joint_Module_11
460	Mapk13	Joint_Module_11
461	Mapk8ip1	Joint_Module_11
462	Marveld1	Joint_Module_11
463	Mat1a	Joint_Module_11
464	Matn4	Joint_Module_11
465	Mbip	Joint_Module_11
466	Mc5r	Joint_Module_11
467	Mcf2l	Joint_Module_11
468	Mcfd2	Joint_Module_11
469	Mdh1	Joint_Module_11
470	Mdm4	Joint_Module_11
471	Metap1d	Joint_Module_11
472	Mettl26	Joint_Module_11
473	Mettl27	Joint_Module_11
474	Mfap3l	Joint_Module_11
475	Mfge8	Joint_Module_11
476	Mfsd4a	Joint_Module_11
477	Mfsd6	Joint_Module_11
478	Mgst1	Joint_Module_11
479	Mgst2	Joint_Module_11
480	Mgst3	Joint_Module_11
481	Mia2	Joint_Module_11
482	Micos13	Joint_Module_11
483	Mien1	Joint_Module_11
484	Mirg	Joint_Module_11
485	Mlana	Joint_Module_11
486	Mmp15	Joint_Module_11
487	Mob3b	Joint_Module_11
488	Mogat1	Joint_Module_11
489	Mpc1	Joint_Module_11
490	Mpc2	Joint_Module_11
491	Mphosph6	Joint_Module_11
492	Mpi	Joint_Module_11
493	Mpp7	Joint_Module_11
494	Mrpl14	Joint_Module_11
495	Mta3	Joint_Module_11
496	Mtch1	Joint_Module_11
497	Mtcl1	Joint_Module_11
498	Mtus1	Joint_Module_11
499	Mtus2	Joint_Module_11
500	Muc20	Joint_Module_11
501	Mycn	Joint_Module_11
502	Myct1	Joint_Module_11
503	Myh13	Joint_Module_11
504	Myl12b	Joint_Module_11
505	Myo6	Joint_Module_11
506	Mysm1	Joint_Module_11
507	Nagk	Joint_Module_11
508	Naprt	Joint_Module_11
509	Naxd	Joint_Module_11
510	Naxe	Joint_Module_11
511	Ncoa1	Joint_Module_11
512	Ncor1	Joint_Module_11
513	Ndufa10	Joint_Module_11
514	Ndufb3	Joint_Module_11
515	Ndufc2	Joint_Module_11
516	Nectin2	Joint_Module_11
517	Nectin4	Joint_Module_11
518	Nelfb	Joint_Module_11
519	Nelfcd	Joint_Module_11
520	Nemf	Joint_Module_11
521	Nfe2l2	Joint_Module_11
522	Nfia	Joint_Module_11
523	Nfx1	Joint_Module_11
524	Nipal1	Joint_Module_11
525	Nipsnap1	Joint_Module_11
526	Nol3	Joint_Module_11
527	Nop10	Joint_Module_11
528	Npdc1	Joint_Module_11
529	Nrp1	Joint_Module_11
530	Nsmaf	Joint_Module_11
531	Nt5e	Joint_Module_11
532	Ntf5	Joint_Module_11
533	Nucb1	Joint_Module_11
534	Nucb2	Joint_Module_11
535	Nudt14	Joint_Module_11
536	Nudt4	Joint_Module_11
537	Nup214	Joint_Module_11
538	Nxn	Joint_Module_11
539	Ocln	Joint_Module_11
540	Odf3b	Joint_Module_11
541	Ogfrl1	Joint_Module_11
542	Oit1	Joint_Module_11
543	Oplah	Joint_Module_11
544	Orai2	Joint_Module_11
545	Orm1	Joint_Module_11
546	Os9	Joint_Module_11
547	Osbpl6	Joint_Module_11
548	Osgin1	Joint_Module_11
549	Ovgp1	Joint_Module_11
550	P2rx2	Joint_Module_11
551	P4hb	Joint_Module_11
552	Pabpc1	Joint_Module_11
553	Pabpn1	Joint_Module_11
554	Pafah2	Joint_Module_11
555	Pak6	Joint_Module_11
556	Paqr6	Joint_Module_11
557	Paqr8	Joint_Module_11
558	Parm1	Joint_Module_11
559	Parp10	Joint_Module_11
560	Patj	Joint_Module_11
561	Pbld2	Joint_Module_11
562	Pbxip1	Joint_Module_11
563	Pccb	Joint_Module_11
564	Pck2	Joint_Module_11
565	Pcmtd1	Joint_Module_11
566	Pde7a	Joint_Module_11
567	Pde7b	Joint_Module_11
568	Pde8b	Joint_Module_11
569	Pdgfa	Joint_Module_11
570	Pdia3	Joint_Module_11
571	Pdia6	Joint_Module_11
572	Pdlim3	Joint_Module_11
573	Pecr	Joint_Module_11
574	Per3	Joint_Module_11
575	Pex11a	Joint_Module_11
576	Pf4	Joint_Module_11
577	Pfdn5	Joint_Module_11
578	Pgd	Joint_Module_11
579	Pglyrp1	Joint_Module_11
580	Pgrmc1	Joint_Module_11
581	Pgrmc2	Joint_Module_11
582	Phgr1	Joint_Module_11
583	Phyh	Joint_Module_11
584	Pick1	Joint_Module_11
585	Pign	Joint_Module_11
586	Pik3r3	Joint_Module_11
587	Pir	Joint_Module_11
588	Piwil4	Joint_Module_11
589	Pla2g4f	Joint_Module_11
590	Pla2g7	Joint_Module_11
591	Plaat3	Joint_Module_11
592	Plbd1	Joint_Module_11
593	Plekhb1	Joint_Module_11
594	Pllp	Joint_Module_11
595	Plpp5	Joint_Module_11
596	Plxna2	Joint_Module_11
597	Plxna4	Joint_Module_11
598	Plxna4os1	Joint_Module_11
599	Plxnb2	Joint_Module_11
600	Pm20d1	Joint_Module_11
601	Pnisr	Joint_Module_11
602	Polr1c	Joint_Module_11
603	Pon2	Joint_Module_11
604	Pon3	Joint_Module_11
605	Por	Joint_Module_11
606	Ppa2	Joint_Module_11
607	Ppcs	Joint_Module_11
608	Ppdpf	Joint_Module_11
609	Ppfibp2	Joint_Module_11
610	Ppic	Joint_Module_11
611	Ppm1b	Joint_Module_11
612	Ppm1h	Joint_Module_11
613	Ppp1r14d	Joint_Module_11
614	Ppp1r36	Joint_Module_11
615	Ppp1r3c	Joint_Module_11
616	Ppp1r9a	Joint_Module_11
617	Ppp2r5a	Joint_Module_11
618	Prdx3	Joint_Module_11
619	Prkab1	Joint_Module_11
620	Prkcz	Joint_Module_11
621	Prlr	Joint_Module_11
622	Pros1	Joint_Module_11
623	Prps2	Joint_Module_11
624	Prrc2c	Joint_Module_11
625	Prss8	Joint_Module_11
626	Prxl2a	Joint_Module_11
627	Psca	Joint_Module_11
628	Psme1	Joint_Module_11
629	Ptges	Joint_Module_11
630	Ptgr1	Joint_Module_11
631	Ptgs1	Joint_Module_11
632	Ptpn18	Joint_Module_11
633	Ptprm	Joint_Module_11
634	Pxmp4	Joint_Module_11
635	R3hdm4	Joint_Module_11
636	Rab15	Joint_Module_11
637	Rab25	Joint_Module_11
638	Rabgap1l	Joint_Module_11
639	Rad51b	Joint_Module_11
640	Rai14	Joint_Module_11
641	Ralb	Joint_Module_11
642	Ralgapa2	Joint_Module_11
643	Rap1gap	Joint_Module_11
644	Rapgef5	Joint_Module_11
645	Raph1	Joint_Module_11
646	Rassf3	Joint_Module_11
647	Rbm47	Joint_Module_11
648	Rbp4	Joint_Module_11
649	Rbpms	Joint_Module_11
650	Reep3	Joint_Module_11
651	Reep6	Joint_Module_11
652	Relch	Joint_Module_11
653	Retreg1	Joint_Module_11
654	Retsat	Joint_Module_11
655	Rfk	Joint_Module_11
656	Rgs11	Joint_Module_11
657	Rgs4	Joint_Module_11
658	Rian	Joint_Module_11
659	Rida	Joint_Module_11
660	Rmdn2	Joint_Module_11
661	Rnaset2a	Joint_Module_11
662	Rnaset2b	Joint_Module_11
663	Rnf128	Joint_Module_11
664	Rnf144a	Joint_Module_11
665	Rnf149	Joint_Module_11
666	Rock1	Joint_Module_11
667	Romo1	Joint_Module_11
668	Ros1	Joint_Module_11
669	Rpl36al	Joint_Module_11
670	Rrbp1	Joint_Module_11
671	Rsrp1	Joint_Module_11
672	Rxra	Joint_Module_11
673	Samd9l	Joint_Module_11
674	Scmh1	Joint_Module_11
675	Scn8a	Joint_Module_11
676	Scp2	Joint_Module_11
677	Sdcbp2	Joint_Module_11
678	Sec16a	Joint_Module_11
679	Sec62	Joint_Module_11
680	Sec63	Joint_Module_11
681	Sel1l	Joint_Module_11
682	Selenop	Joint_Module_11
683	Sema4a	Joint_Module_11
684	Sema4g	Joint_Module_11
685	Serpinb5	Joint_Module_11
686	Sertad4	Joint_Module_11
687	Sfi1	Joint_Module_11
688	Sfta3-ps	Joint_Module_11
689	Sgpp2	Joint_Module_11
690	Sgsm3	Joint_Module_11
691	Sh2d4a	Joint_Module_11
692	Sh3d19	Joint_Module_11
693	Sh3d21	Joint_Module_11
694	Shank2	Joint_Module_11
695	Sharpin	Joint_Module_11
696	Shfl	Joint_Module_11
697	Shh	Joint_Module_11
698	Shroom3	Joint_Module_11
699	Shtn1	Joint_Module_11
700	Siva1	Joint_Module_11
701	Ski	Joint_Module_11
702	Slc16a12	Joint_Module_11
703	Slc16a7	Joint_Module_11
704	Slc1a1	Joint_Module_11
705	Slc1a3	Joint_Module_11
706	Slc25a10	Joint_Module_11
707	Slc25a37	Joint_Module_11
708	Slc25a4	Joint_Module_11
709	Slc26a10	Joint_Module_11
710	Slc26a2	Joint_Module_11
711	Slc26a4	Joint_Module_11
712	Slc2a3	Joint_Module_11
713	Slc30a1	Joint_Module_11
714	Slc31a1	Joint_Module_11
715	Slc31a2	Joint_Module_11
716	Slc35c1	Joint_Module_11
717	Slc35d1	Joint_Module_11
718	Slc37a1	Joint_Module_11
719	Slc38a2	Joint_Module_11
720	Slc39a10	Joint_Module_11
721	Slc40a1	Joint_Module_11
722	Slc44a3	Joint_Module_11
723	Slc44a4	Joint_Module_11
724	Slc48a1	Joint_Module_11
725	Slc50a1	Joint_Module_11
726	Slc52a3	Joint_Module_11
727	Slc5a5	Joint_Module_11
728	Slc7a4	Joint_Module_11
729	Slc9a3r2	Joint_Module_11
730	Slco2a1	Joint_Module_11
731	Smagp	Joint_Module_11
732	Smpd2	Joint_Module_11
733	Smpd5	Joint_Module_11
734	Snhg11	Joint_Module_11
735	Snrnp70	Joint_Module_11
736	Snx7	Joint_Module_11
737	Sod2	Joint_Module_11
738	Sorcs2	Joint_Module_11
739	Sorl1	Joint_Module_11
740	Sox12	Joint_Module_11
741	Sp140	Joint_Module_11
742	Spaar	Joint_Module_11
743	Spaca6	Joint_Module_11
744	Spint1	Joint_Module_11
745	Spint2	Joint_Module_11
746	Sptlc2	Joint_Module_11
747	Sptssb	Joint_Module_11
748	Sqor	Joint_Module_11
749	Srrm2	Joint_Module_11
750	Srsf5	Joint_Module_11
751	Srxn1	Joint_Module_11
752	Ssr2	Joint_Module_11
753	St3gal1	Joint_Module_11
754	St3gal5	Joint_Module_11
755	St3gal6	Joint_Module_11
756	St6galnac2	Joint_Module_11
757	St6galnac3	Joint_Module_11
758	Stbd1	Joint_Module_11
759	Steap4	Joint_Module_11
760	Stimate	Joint_Module_11
761	Stk32a	Joint_Module_11
762	Stk38	Joint_Module_11
763	Stk39	Joint_Module_11
764	Stx17	Joint_Module_11
765	Stx19	Joint_Module_11
766	Stxbp2	Joint_Module_11
767	Sub1	Joint_Module_11
768	Surf4	Joint_Module_11
769	Susd2	Joint_Module_11
770	Susd4	Joint_Module_11
771	Svil	Joint_Module_11
772	Swt1	Joint_Module_11
773	Syne1	Joint_Module_11
774	Syne2	Joint_Module_11
775	Syne4	Joint_Module_11
776	Syngr1	Joint_Module_11
777	Sypl	Joint_Module_11
778	Szt2	Joint_Module_11
779	Taldo1	Joint_Module_11
780	Tanc1	Joint_Module_11
781	Tanc2	Joint_Module_11
782	Tapt1	Joint_Module_11
783	Taz	Joint_Module_11
784	Tbc1d4	Joint_Module_11
785	Tbl3	Joint_Module_11
786	Tcea3	Joint_Module_11
787	Tceanc	Joint_Module_11
788	Tcerg1l	Joint_Module_11
789	Tcf25	Joint_Module_11
790	Tcf7l1	Joint_Module_11
791	Tdo2	Joint_Module_11
792	Tfap2b	Joint_Module_11
793	Tfcp2l1	Joint_Module_11
794	Tfrc	Joint_Module_11
795	Thap3	Joint_Module_11
796	Thbs3	Joint_Module_11
797	Tinag	Joint_Module_11
798	Tm9sf2	Joint_Module_11
799	Tmbim1	Joint_Module_11
800	Tmbim4	Joint_Module_11
801	Tmbim6	Joint_Module_11
802	Tmc4	Joint_Module_11
803	Tmem123	Joint_Module_11
804	Tmem135	Joint_Module_11
805	Tmem159	Joint_Module_11
806	Tmem176a	Joint_Module_11
807	Tmem176b	Joint_Module_11
808	Tmem181a	Joint_Module_11
809	Tmem181b-ps	Joint_Module_11
810	Tmem205	Joint_Module_11
811	Tmem213	Joint_Module_11
812	Tmem245	Joint_Module_11
813	Tmem268	Joint_Module_11
814	Tmem41a	Joint_Module_11
815	Tmem44	Joint_Module_11
816	Tmem54	Joint_Module_11
817	Tmem56	Joint_Module_11
818	Tmem59	Joint_Module_11
819	Tmem64	Joint_Module_11
820	Tmem8	Joint_Module_11
821	Tmprss2	Joint_Module_11
822	Tmprss4	Joint_Module_11
823	Tnfrsf21	Joint_Module_11
824	Tnrc6a	Joint_Module_11
825	Tns1	Joint_Module_11
826	Tor3a	Joint_Module_11
827	Tram1	Joint_Module_11
828	Trim2	Joint_Module_11
829	Trim6	Joint_Module_11
830	Trip11	Joint_Module_11
831	Trpm4	Joint_Module_11
832	Trpv6	Joint_Module_11
833	Tshz2	Joint_Module_11
834	Tspan13	Joint_Module_11
835	Tspan14	Joint_Module_11
836	Tspan15	Joint_Module_11
837	Tspo	Joint_Module_11
838	Tspyl4	Joint_Module_11
839	Ttc38	Joint_Module_11
840	Tuba4a	Joint_Module_11
841	Tubb4b	Joint_Module_11
842	Txnip	Joint_Module_11
843	Uap1l1	Joint_Module_11
844	Ubr5	Joint_Module_11
845	Ubxn11	Joint_Module_11
846	Ubxn4	Joint_Module_11
847	Uhrf1bp1l	Joint_Module_11
848	Uqcc3	Joint_Module_11
849	Uqcr11	Joint_Module_11
850	Urah	Joint_Module_11
851	Uri1	Joint_Module_11
852	Usp8	Joint_Module_11
853	Uvrag	Joint_Module_11
854	Vars2	Joint_Module_11
855	Vill	Joint_Module_11
856	Vmn1r77	Joint_Module_11
857	Vmp1	Joint_Module_11
858	Vsig1	Joint_Module_11
859	Vsig10	Joint_Module_11
860	Wdfy1	Joint_Module_11
861	Wfdc12	Joint_Module_11
862	Whamm	Joint_Module_11
863	Wls	Joint_Module_11
864	Wnk4	Joint_Module_11
865	Ypel4	Joint_Module_11
866	Zcchc3	Joint_Module_11
867	Zdhhc18	Joint_Module_11
868	Zfc3h1	Joint_Module_11
869	Zfhx3	Joint_Module_11
870	Zfp36l1	Joint_Module_11
871	Zfp385b	Joint_Module_11
872	Zfp467	Joint_Module_11
873	Zfp7	Joint_Module_11
874	Zfp704	Joint_Module_11
875	Zmat4	Joint_Module_11
876	mt-Atp6	Joint_Module_11
877	mt-Co1	Joint_Module_11
878	mt-Co2	Joint_Module_11
879	mt-Co3	Joint_Module_11
880	mt-Cytb	Joint_Module_11
881	mt-Nd2	Joint_Module_11
882	mt-Nd4	Joint_Module_11
883	mt-Nd5	Joint_Module_11
884	mt-Nd6	Joint_Module_11
0	1110017D15Rik	Joint_Module_2
1	1700001C02Rik	Joint_Module_2
2	1700001L19Rik	Joint_Module_2
3	1700007K13Rik	Joint_Module_2
4	1700016K19Rik	Joint_Module_2
5	1700024G13Rik	Joint_Module_2
6	2210407C18Rik	Joint_Module_2
7	2410004P03Rik	Joint_Module_2
8	3300002A11Rik	Joint_Module_2
9	4833427G06Rik	Joint_Module_2
10	6430531B16Rik	Joint_Module_2
11	6820408C15Rik	Joint_Module_2
12	AU040972	Joint_Module_2
13	Abhd12b	Joint_Module_2
14	Acsm1	Joint_Module_2
15	Actg2	Joint_Module_2
16	Adam8	Joint_Module_2
17	Adgb	Joint_Module_2
18	Adh7	Joint_Module_2
19	Agr3	Joint_Module_2
20	Ak7	Joint_Module_2
21	Ak9	Joint_Module_2
22	Alas1	Joint_Module_2
23	Aldh1a1	Joint_Module_2
24	Aoc1	Joint_Module_2
25	Appl2	Joint_Module_2
26	Aqp4	Joint_Module_2
27	Arhgdig	Joint_Module_2
28	B430010I23Rik	Joint_Module_2
29	BC051019	Joint_Module_2
30	Bbof1	Joint_Module_2
31	Boc	Joint_Module_2
32	Bpifb1	Joint_Module_2
33	Calml4	Joint_Module_2
34	Capsl	Joint_Module_2
35	Catip	Joint_Module_2
36	Ccdc113	Joint_Module_2
37	Ccdc146	Joint_Module_2
38	Ccdc151	Joint_Module_2
39	Ccdc153	Joint_Module_2
40	Ccdc17	Joint_Module_2
41	Ccdc180	Joint_Module_2
42	Ccdc181	Joint_Module_2
43	Ccdc187	Joint_Module_2
44	Ccdc33	Joint_Module_2
45	Ccdc39	Joint_Module_2
46	Ccdc78	Joint_Module_2
47	Cckar	Joint_Module_2
48	Cdhr1	Joint_Module_2
49	Cdhr3	Joint_Module_2
50	Cdhr4	Joint_Module_2
51	Cdiptos	Joint_Module_2
52	Cep290	Joint_Module_2
53	Cep83	Joint_Module_2
54	Cetn4	Joint_Module_2
55	Cfap100	Joint_Module_2
56	Cfap126	Joint_Module_2
57	Cfap161	Joint_Module_2
58	Cfap206	Joint_Module_2
59	Cfap43	Joint_Module_2
60	Cfap44	Joint_Module_2
61	Cfap46	Joint_Module_2
62	Cfap53	Joint_Module_2
63	Cfap54	Joint_Module_2
64	Cfap65	Joint_Module_2
65	Cldn10	Joint_Module_2
66	Cp	Joint_Module_2
67	Cyp2a5	Joint_Module_2
68	Cyp2f2	Joint_Module_2
69	Cyp4b1	Joint_Module_2
70	Dnah12	Joint_Module_2
71	Dnah3	Joint_Module_2
72	Dnah5	Joint_Module_2
73	Dnah6	Joint_Module_2
74	Dnah9	Joint_Module_2
75	Dnali1	Joint_Module_2
76	Drc1	Joint_Module_2
77	Drc3	Joint_Module_2
78	Drc7	Joint_Module_2
79	Dusp14	Joint_Module_2
80	Dynlrb2	Joint_Module_2
81	Efcab10	Joint_Module_2
82	Elof1	Joint_Module_2
83	Enkur	Joint_Module_2
84	Entpd7	Joint_Module_2
85	Erich2	Joint_Module_2
86	Erich3	Joint_Module_2
87	Fam161a	Joint_Module_2
88	Fam166b	Joint_Module_2
89	Fam183b	Joint_Module_2
90	Fam216b	Joint_Module_2
91	Fam47e	Joint_Module_2
92	Fam81b	Joint_Module_2
93	Fank1	Joint_Module_2
94	Fhad1	Joint_Module_2
95	Fmo3	Joint_Module_2
96	Foxj1	Joint_Module_2
97	Gabrp	Joint_Module_2
98	Gm10800	Joint_Module_2
99	Gm19935	Joint_Module_2
100	Gm38123	Joint_Module_2
101	Gm47139	Joint_Module_2
102	Gm867	Joint_Module_2
103	Gm973	Joint_Module_2
104	Gp2	Joint_Module_2
105	Hp	Joint_Module_2
106	Hydin	Joint_Module_2
107	Ifitm1	Joint_Module_2
108	Ift74	Joint_Module_2
109	Ift81	Joint_Module_2
110	Ift88	Joint_Module_2
111	Iqcg	Joint_Module_2
112	Kcnrg	Joint_Module_2
113	Kng1	Joint_Module_2
114	Lrrc23	Joint_Module_2
115	Lrrc6	Joint_Module_2
116	Lrrc71	Joint_Module_2
117	Lrriq1	Joint_Module_2
118	Ltf	Joint_Module_2
119	Lypd2	Joint_Module_2
120	Mapk15	Joint_Module_2
121	Meig1	Joint_Module_2
122	Mlf1	Joint_Module_2
123	Mns1	Joint_Module_2
124	Muc5b	Joint_Module_2
125	Mustn1	Joint_Module_2
126	Myh11	Joint_Module_2
127	Nek5	Joint_Module_2
128	Nme5	Joint_Module_2
129	Nme9	Joint_Module_2
130	Ntsr2	Joint_Module_2
131	Pcp4l1	Joint_Module_2
132	Pigr	Joint_Module_2
133	Pih1d2	Joint_Module_2
134	Pon1	Joint_Module_2
135	Ppil6	Joint_Module_2
136	Prr18	Joint_Module_2
137	Reg3g	Joint_Module_2
138	Retnla	Joint_Module_2
139	Rgs22	Joint_Module_2
140	Riiad1	Joint_Module_2
141	Rsph1	Joint_Module_2
142	Rsph10b	Joint_Module_2
143	Rsph4a	Joint_Module_2
144	Rsph9	Joint_Module_2
145	Scgb1a1	Joint_Module_2
146	Scgb3a1	Joint_Module_2
147	Scgb3a2	Joint_Module_2
148	Sec14l3	Joint_Module_2
149	Slco1a5	Joint_Module_2
150	Smim6	Joint_Module_2
151	Sntn	Joint_Module_2
152	Sox2	Joint_Module_2
153	Spa17	Joint_Module_2
154	Spag17	Joint_Module_2
155	Spag6l	Joint_Module_2
156	Speer4c	Joint_Module_2
157	Spef1	Joint_Module_2
158	Spef2	Joint_Module_2
159	Stk33	Joint_Module_2
160	Stmnd1	Joint_Module_2
161	Sult1d1	Joint_Module_2
162	Tctex1d4	Joint_Module_2
163	Tekt1	Joint_Module_2
164	Tff2	Joint_Module_2
165	Tm4sf1	Joint_Module_2
166	Tmc5	Joint_Module_2
167	Tmem212	Joint_Module_2
168	Tnni3	Joint_Module_2
169	Tppp3	Joint_Module_2
170	Tsnaxip1	Joint_Module_2
171	Ttc16	Joint_Module_2
172	Ttc21a	Joint_Module_2
173	Ttll6	Joint_Module_2
174	Wdr63	Joint_Module_2
175	Wdr66	Joint_Module_2
176	Wdr78	Joint_Module_2
177	Zmynd10	Joint_Module_2
0	0610012G03Rik	Joint_Module_3
1	1110038B12Rik	Joint_Module_3
2	1700012B09Rik	Joint_Module_3
3	1810013L24Rik	Joint_Module_3
4	2410006H16Rik	Joint_Module_3
5	2610001J05Rik	Joint_Module_3
6	2610307P16Rik	Joint_Module_3
7	2700081O15Rik	Joint_Module_3
8	2900097C17Rik	Joint_Module_3
9	3110039M20Rik	Joint_Module_3
10	5031439G07Rik	Joint_Module_3
11	6820431F20Rik	Joint_Module_3
12	A830082K12Rik	Joint_Module_3
13	AI506816	Joint_Module_3
14	Aars	Joint_Module_3
15	Aasdhppt	Joint_Module_3
16	Abcb1a	Joint_Module_3
17	Abcc1	Joint_Module_3
18	Abce1	Joint_Module_3
19	Abi1	Joint_Module_3
20	Abl2	Joint_Module_3
21	Abracl	Joint_Module_3
22	Acan	Joint_Module_3
23	Ackr3	Joint_Module_3
24	Acot7	Joint_Module_3
25	Acp1	Joint_Module_3
26	Acsbg1	Joint_Module_3
27	Acsl6	Joint_Module_3
28	Actn1	Joint_Module_3
29	Actn4	Joint_Module_3
30	Actr10	Joint_Module_3
31	Actr1a	Joint_Module_3
32	Actr2	Joint_Module_3
33	Actr3	Joint_Module_3
34	Acvr1	Joint_Module_3
35	Adam10	Joint_Module_3
36	Add2	Joint_Module_3
37	Add3	Joint_Module_3
38	Adgrg2	Joint_Module_3
39	Adgrg3	Joint_Module_3
40	Adprh	Joint_Module_3
41	Adra2a	Joint_Module_3
42	Adsl	Joint_Module_3
43	Adss	Joint_Module_3
44	Aebp2	Joint_Module_3
45	Aggf1	Joint_Module_3
46	Ago2	Joint_Module_3
47	Ahcy	Joint_Module_3
48	Aida	Joint_Module_3
49	Aimp1	Joint_Module_3
50	Ak6	Joint_Module_3
51	Akap12	Joint_Module_3
52	Akirin2	Joint_Module_3
53	Akt3	Joint_Module_3
54	Aldh1a3	Joint_Module_3
55	Alg10b	Joint_Module_3
56	Alkbh8	Joint_Module_3
57	Alyref	Joint_Module_3
58	Ammecr1	Joint_Module_3
59	Amotl1	Joint_Module_3
60	Angptl2	Joint_Module_3
61	Angptl4	Joint_Module_3
62	Ank	Joint_Module_3
63	Ankrd11	Joint_Module_3
64	Ankrd50	Joint_Module_3
65	Anln	Joint_Module_3
66	Ano1	Joint_Module_3
67	Anp32b	Joint_Module_3
68	Anp32e	Joint_Module_3
69	Antxr2	Joint_Module_3
70	Anxa1	Joint_Module_3
71	Anxa10	Joint_Module_3
72	Anxa6	Joint_Module_3
73	Anxa8	Joint_Module_3
74	Ap2m1	Joint_Module_3
75	Ap3s1	Joint_Module_3
76	Apbb2	Joint_Module_3
77	Api5	Joint_Module_3
78	Apol8	Joint_Module_3
79	Apol9a	Joint_Module_3
80	Apol9b	Joint_Module_3
81	Aprt	Joint_Module_3
82	Aqp3	Joint_Module_3
83	Aqp8	Joint_Module_3
84	Ar	Joint_Module_3
85	Arap2	Joint_Module_3
86	Arf1	Joint_Module_3
87	Arhgap11a	Joint_Module_3
88	Arhgap42	Joint_Module_3
89	Arhgap5	Joint_Module_3
90	Arhgdia	Joint_Module_3
91	Arih1	Joint_Module_3
92	Arih2	Joint_Module_3
93	Arl14ep	Joint_Module_3
94	Arl3	Joint_Module_3
95	Arl8a	Joint_Module_3
96	Arl8b	Joint_Module_3
97	Armcx2	Joint_Module_3
98	Arpc4	Joint_Module_3
99	Arpp19	Joint_Module_3
100	Asap1	Joint_Module_3
101	Asns	Joint_Module_3
102	Aspm	Joint_Module_3
103	Atad1	Joint_Module_3
104	Atf2	Joint_Module_3
105	Atf4	Joint_Module_3
106	Atf7ip	Joint_Module_3
107	Atp5md	Joint_Module_3
108	Atp5o-1	Joint_Module_3
109	Atp6v0e2	Joint_Module_3
110	Atp6v1e1	Joint_Module_3
111	Atp6v1f	Joint_Module_3
112	Aurka	Joint_Module_3
113	Aurkb	Joint_Module_3
114	Axl	Joint_Module_3
115	B230219D22Rik	Joint_Module_3
116	B4galt5	Joint_Module_3
117	BC005624	Joint_Module_3
118	Baalc	Joint_Module_3
119	Bag6	Joint_Module_3
120	Baiap2l1	Joint_Module_3
121	Banf1	Joint_Module_3
122	Baz1b	Joint_Module_3
123	Bcar1	Joint_Module_3
124	Bcas2	Joint_Module_3
125	Bcat1	Joint_Module_3
126	Bcl2l11	Joint_Module_3
127	Bdnf	Joint_Module_3
128	Bhlhe41	Joint_Module_3
129	Bicd2	Joint_Module_3
130	Birc5	Joint_Module_3
131	Bmp2	Joint_Module_3
132	Bmp5	Joint_Module_3
133	Bmp7	Joint_Module_3
134	Bms1	Joint_Module_3
135	Bnip2	Joint_Module_3
136	Brd2	Joint_Module_3
137	Brd8	Joint_Module_3
138	Bri3bp	Joint_Module_3
139	Brix1	Joint_Module_3
140	Brk1	Joint_Module_3
141	Btbd10	Joint_Module_3
142	Btbd7	Joint_Module_3
143	Btf3	Joint_Module_3
144	Bub1	Joint_Module_3
145	Bub3	Joint_Module_3
146	Bud31	Joint_Module_3
147	Bzw1	Joint_Module_3
148	C1d	Joint_Module_3
149	C1qbp	Joint_Module_3
150	Cacul1	Joint_Module_3
151	Cacybp	Joint_Module_3
152	Cald1	Joint_Module_3
153	Calm2	Joint_Module_3
154	Calm3	Joint_Module_3
155	Calu	Joint_Module_3
156	Camk2n1	Joint_Module_3
157	Cand1	Joint_Module_3
158	Cap1	Joint_Module_3
159	Capg	Joint_Module_3
160	Capn2	Joint_Module_3
161	Capns1	Joint_Module_3
162	Caprin1	Joint_Module_3
163	Capza2	Joint_Module_3
164	Capzb	Joint_Module_3
165	Card19	Joint_Module_3
166	Carhsp1	Joint_Module_3
167	Cars	Joint_Module_3
168	Casp8ap2	Joint_Module_3
169	Cast	Joint_Module_3
170	Cavin1	Joint_Module_3
171	Cbfb	Joint_Module_3
172	Cbx3	Joint_Module_3
173	Cbx5	Joint_Module_3
174	Ccar1	Joint_Module_3
175	Ccdc136	Joint_Module_3
176	Ccdc174	Joint_Module_3
177	Ccdc34	Joint_Module_3
178	Ccdc50	Joint_Module_3
179	Ccdc85b	Joint_Module_3
180	Ccdc86	Joint_Module_3
181	Cck	Joint_Module_3
182	Ccn1	Joint_Module_3
183	Ccn2	Joint_Module_3
184	Ccna2	Joint_Module_3
185	Ccnb1	Joint_Module_3
186	Ccnb2	Joint_Module_3
187	Ccnd2	Joint_Module_3
188	Ccni	Joint_Module_3
189	Ccnl1	Joint_Module_3
190	Cct2	Joint_Module_3
191	Cct3	Joint_Module_3
192	Cct5	Joint_Module_3
193	Cct6a	Joint_Module_3
194	Cct7	Joint_Module_3
195	Cct8	Joint_Module_3
196	Cdc20	Joint_Module_3
197	Cdc27	Joint_Module_3
198	Cdc37	Joint_Module_3
199	Cdca3	Joint_Module_3
200	Cdca4	Joint_Module_3
201	Cdca5	Joint_Module_3
202	Cdca8	Joint_Module_3
203	Cdh17	Joint_Module_3
204	Cdh2	Joint_Module_3
205	Cdh6	Joint_Module_3
206	Cdk1	Joint_Module_3
207	Cdk11b	Joint_Module_3
208	Cdk17	Joint_Module_3
209	Cdk4	Joint_Module_3
210	Cdk9	Joint_Module_3
211	Cdkn2a	Joint_Module_3
212	Cdkn2b	Joint_Module_3
213	Cdt1	Joint_Module_3
214	Cdv3	Joint_Module_3
215	Cebpz	Joint_Module_3
216	Celf1	Joint_Module_3
217	Cenpa	Joint_Module_3
218	Cenpe	Joint_Module_3
219	Cenpf	Joint_Module_3
220	Cenph	Joint_Module_3
221	Cenpq	Joint_Module_3
222	Cenpw	Joint_Module_3
223	Cep170	Joint_Module_3
224	Cep55	Joint_Module_3
225	Cep85	Joint_Module_3
226	Cetn3	Joint_Module_3
227	Cfap69	Joint_Module_3
228	Cfdp1	Joint_Module_3
229	Cfl1	Joint_Module_3
230	Chchd2	Joint_Module_3
231	Chsy1	Joint_Module_3
232	Chtop	Joint_Module_3
233	Cib2	Joint_Module_3
234	Cip2a	Joint_Module_3
235	Ckap2	Joint_Module_3
236	Ckap2l	Joint_Module_3
237	Ckap5	Joint_Module_3
238	Cks1b	Joint_Module_3
239	Cks2	Joint_Module_3
240	Clca3a1	Joint_Module_3
241	Clcf1	Joint_Module_3
242	Cldn6	Joint_Module_3
243	Clic1	Joint_Module_3
244	Clip3	Joint_Module_3
245	Clns1a	Joint_Module_3
246	Clspn	Joint_Module_3
247	Clta	Joint_Module_3
248	Cnbp	Joint_Module_3
249	Cnksr2	Joint_Module_3
250	Cnn3	Joint_Module_3
251	Cnot4	Joint_Module_3
252	Cnot7	Joint_Module_3
253	Cnot8	Joint_Module_3
254	Cobll1	Joint_Module_3
255	Col27a1	Joint_Module_3
256	Col2a1	Joint_Module_3
257	Col7a1	Joint_Module_3
258	Commd2	Joint_Module_3
259	Commd8	Joint_Module_3
260	Cops2	Joint_Module_3
261	Cops8	Joint_Module_3
262	Coq10b	Joint_Module_3
263	Cox8a	Joint_Module_3
264	Cpe	Joint_Module_3
265	Cpsf7	Joint_Module_3
266	Crk	Joint_Module_3
267	Crkl	Joint_Module_3
268	Crlf1	Joint_Module_3
269	Crnkl1	Joint_Module_3
270	Csde1	Joint_Module_3
271	Csf1	Joint_Module_3
272	Csgalnact1	Joint_Module_3
273	Csnk1d	Joint_Module_3
274	Csnk1e	Joint_Module_3
275	Csnk1g2	Joint_Module_3
276	Csnk2a2	Joint_Module_3
277	Cstf2t	Joint_Module_3
278	Ctbp1	Joint_Module_3
279	Ctbp2	Joint_Module_3
280	Ctnnd1	Joint_Module_3
281	Cttn	Joint_Module_3
282	Cttnbp2nl	Joint_Module_3
283	Ctxn1	Joint_Module_3
284	Cuedc2	Joint_Module_3
285	Cul1	Joint_Module_3
286	Cul3	Joint_Module_3
287	Cul4b	Joint_Module_3
288	Cwc15	Joint_Module_3
289	Cwc22	Joint_Module_3
290	Cxxc5	Joint_Module_3
291	Cycs	Joint_Module_3
292	Cyth2	Joint_Module_3
293	D030056L22Rik	Joint_Module_3
294	Dbf4	Joint_Module_3
295	Dbn1	Joint_Module_3
296	Dbr1	Joint_Module_3
297	Dcaf13	Joint_Module_3
298	Dcun1d5	Joint_Module_3
299	Dda1	Joint_Module_3
300	Ddb1	Joint_Module_3
301	Ddit3	Joint_Module_3
302	Ddit4	Joint_Module_3
303	Ddit4l	Joint_Module_3
304	Ddx18	Joint_Module_3
305	Ddx21	Joint_Module_3
306	Ddx27	Joint_Module_3
307	Ddx3x	Joint_Module_3
308	Ddx46	Joint_Module_3
309	Ddx5	Joint_Module_3
310	Ddx52	Joint_Module_3
311	Ddx6	Joint_Module_3
312	Dek	Joint_Module_3
313	Denr	Joint_Module_3
314	Dera	Joint_Module_3
315	Dhfr	Joint_Module_3
316	Dhx30	Joint_Module_3
317	Dhx36	Joint_Module_3
318	Dhx9	Joint_Module_3
319	Dkc1	Joint_Module_3
320	Dkk1	Joint_Module_3
321	Dkk2	Joint_Module_3
322	Dlg1	Joint_Module_3
323	Dlgap5	Joint_Module_3
324	Dlx2	Joint_Module_3
325	Dnaja1	Joint_Module_3
326	Dnajb1	Joint_Module_3
327	Dnajb6	Joint_Module_3
328	Dnajc2	Joint_Module_3
329	Dnm1l	Joint_Module_3
330	Dnmt1	Joint_Module_3
331	Dnttip2	Joint_Module_3
332	Dpf2	Joint_Module_3
333	Dpp3	Joint_Module_3
334	Dpy19l1	Joint_Module_3
335	Drap1	Joint_Module_3
336	Drosha	Joint_Module_3
337	Dst	Joint_Module_3
338	Dtl	Joint_Module_3
339	Dtymk	Joint_Module_3
340	Dusp10	Joint_Module_3
341	Dusp5	Joint_Module_3
342	Dut	Joint_Module_3
343	Dynap	Joint_Module_3
344	Dync1i2	Joint_Module_3
345	Dynlrb1	Joint_Module_3
346	Dynlt3	Joint_Module_3
347	E2f1	Joint_Module_3
348	E2f3	Joint_Module_3
349	E2f8	Joint_Module_3
350	Eaf1	Joint_Module_3
351	Ebna1bp2	Joint_Module_3
352	Ecm1	Joint_Module_3
353	Ect2	Joint_Module_3
354	Edf1	Joint_Module_3
355	Edil3	Joint_Module_3
356	Eef1d	Joint_Module_3
357	Eef1e1	Joint_Module_3
358	Eef1g	Joint_Module_3
359	Efnb2	Joint_Module_3
360	Egfr	Joint_Module_3
361	Egr1	Joint_Module_3
362	Ehbp1l1	Joint_Module_3
363	Eid1	Joint_Module_3
364	Eid2	Joint_Module_3
365	Eif1ad	Joint_Module_3
366	Eif1ax	Joint_Module_3
367	Eif2s1	Joint_Module_3
368	Eif2s2	Joint_Module_3
369	Eif3a	Joint_Module_3
370	Eif3c	Joint_Module_3
371	Eif3d	Joint_Module_3
372	Eif3g	Joint_Module_3
373	Eif3l	Joint_Module_3
374	Eif3m	Joint_Module_3
375	Eif4a1	Joint_Module_3
376	Eif4a2	Joint_Module_3
377	Eif4a3	Joint_Module_3
378	Eif4b	Joint_Module_3
379	Eif4e	Joint_Module_3
380	Eif4ebp1	Joint_Module_3
381	Eif4g1	Joint_Module_3
382	Eif5a	Joint_Module_3
383	Eif6	Joint_Module_3
384	Elavl1	Joint_Module_3
385	Elk3	Joint_Module_3
386	Eloc	Joint_Module_3
387	Elp6	Joint_Module_3
388	Emg1	Joint_Module_3
389	Eml1	Joint_Module_3
390	Eno1b	Joint_Module_3
391	Eno3	Joint_Module_3
392	Enpp1	Joint_Module_3
393	Eny2	Joint_Module_3
394	Epb41l2	Joint_Module_3
395	Epc1	Joint_Module_3
396	Epc2	Joint_Module_3
397	Epha2	Joint_Module_3
398	Eps8	Joint_Module_3
399	Erc1	Joint_Module_3
400	Ercc1	Joint_Module_3
401	Ergic3	Joint_Module_3
402	Erh	Joint_Module_3
403	Eri1	Joint_Module_3
404	Esd	Joint_Module_3
405	Esf1	Joint_Module_3
406	Etf1	Joint_Module_3
407	Ets1	Joint_Module_3
408	Etv6	Joint_Module_3
409	Evl	Joint_Module_3
410	Ewsr1	Joint_Module_3
411	Exosc1	Joint_Module_3
412	Exosc2	Joint_Module_3
413	Exosc8	Joint_Module_3
414	Ext1	Joint_Module_3
415	Ezh2	Joint_Module_3
416	Ezr	Joint_Module_3
417	F2r	Joint_Module_3
418	Fabp7	Joint_Module_3
419	Fam104a	Joint_Module_3
420	Fam110c	Joint_Module_3
421	Fam111a	Joint_Module_3
422	Fam136a	Joint_Module_3
423	Fam160b1	Joint_Module_3
424	Fam32a	Joint_Module_3
425	Fam92a	Joint_Module_3
426	Fam98b	Joint_Module_3
427	Far1	Joint_Module_3
428	Fblim1	Joint_Module_3
429	Fbxo30	Joint_Module_3
430	Fbxo5	Joint_Module_3
431	Fbxw11	Joint_Module_3
432	Fez2	Joint_Module_3
433	Fgd3	Joint_Module_3
434	Fgfr1	Joint_Module_3
435	Fhl2	Joint_Module_3
436	Fip1l1	Joint_Module_3
437	Fkbp1a	Joint_Module_3
438	Fkbp3	Joint_Module_3
439	Flna	Joint_Module_3
440	Flnb	Joint_Module_3
441	Flnc	Joint_Module_3
442	Flrt3	Joint_Module_3
443	Fmnl2	Joint_Module_3
444	Fmnl3	Joint_Module_3
445	Fosb	Joint_Module_3
446	Foxg1	Joint_Module_3
447	Foxm1	Joint_Module_3
448	Frmd4a	Joint_Module_3
449	Frmd6	Joint_Module_3
450	Frmd8	Joint_Module_3
451	Frrs1	Joint_Module_3
452	Fscn1	Joint_Module_3
453	Ftsj3	Joint_Module_3
454	Fubp1	Joint_Module_3
455	Fus	Joint_Module_3
456	Fxr1	Joint_Module_3
457	Fyttd1	Joint_Module_3
458	G3bp1	Joint_Module_3
459	G3bp2	Joint_Module_3
460	Gabpa	Joint_Module_3
461	Gabpb2	Joint_Module_3
462	Galnt1	Joint_Module_3
463	Gap43	Joint_Module_3
464	Gar1	Joint_Module_3
465	Gars	Joint_Module_3
466	Gata5	Joint_Module_3
467	Gatad2b	Joint_Module_3
468	Gcsh	Joint_Module_3
469	Gdi1	Joint_Module_3
470	Gem	Joint_Module_3
471	Gfm1	Joint_Module_3
472	Gfra1	Joint_Module_3
473	Ggta1	Joint_Module_3
474	Ghr	Joint_Module_3
475	Gins2	Joint_Module_3
476	Gins4	Joint_Module_3
477	Gjc1	Joint_Module_3
478	Gldc	Joint_Module_3
479	Gli3	Joint_Module_3
480	Glod5	Joint_Module_3
481	Glrx5	Joint_Module_3
482	Gm26903	Joint_Module_3
483	Gm37144	Joint_Module_3
484	Gm38312	Joint_Module_3
485	Gm42031	Joint_Module_3
486	Gm45716	Joint_Module_3
487	Gm46430	Joint_Module_3
488	Gm49102	Joint_Module_3
489	Gm49774	Joint_Module_3
490	Gm49890	Joint_Module_3
491	Gm5244	Joint_Module_3
492	Gm8126	Joint_Module_3
493	Gm9732	Joint_Module_3
494	Gmnn	Joint_Module_3
495	Gmps	Joint_Module_3
496	Gnai2	Joint_Module_3
497	Gnb1	Joint_Module_3
498	Gnl3	Joint_Module_3
499	Golga7	Joint_Module_3
500	Gpd2	Joint_Module_3
501	Gpr137b	Joint_Module_3
502	Gpr153	Joint_Module_3
503	Gpx8	Joint_Module_3
504	Grb10	Joint_Module_3
505	Grb2	Joint_Module_3
506	Greb1	Joint_Module_3
507	Grem1	Joint_Module_3
508	Grk2	Joint_Module_3
509	Gsk3b	Joint_Module_3
510	Gspt1	Joint_Module_3
511	Gtf2a2	Joint_Module_3
512	Gtf2e2	Joint_Module_3
513	Gtf2f1	Joint_Module_3
514	Gtpbp4	Joint_Module_3
515	H19	Joint_Module_3
516	H1f0	Joint_Module_3
517	H2afv	Joint_Module_3
518	H2afy	Joint_Module_3
519	H2afz	Joint_Module_3
520	H3f3b	Joint_Module_3
521	Hars	Joint_Module_3
522	Has2	Joint_Module_3
523	Hat1	Joint_Module_3
524	Haus3	Joint_Module_3
525	Haus6	Joint_Module_3
526	Hax1	Joint_Module_3
527	Hcfc1	Joint_Module_3
528	Hdac2	Joint_Module_3
529	Hdac6	Joint_Module_3
530	Hells	Joint_Module_3
531	Hif1a	Joint_Module_3
532	Hint1	Joint_Module_3
533	Hivep2	Joint_Module_3
534	Hk2	Joint_Module_3
535	Hmga1	Joint_Module_3
536	Hmga1b	Joint_Module_3
537	Hmga2	Joint_Module_3
538	Hmgb1	Joint_Module_3
539	Hmgb2	Joint_Module_3
540	Hmgcll1	Joint_Module_3
541	Hmgn1	Joint_Module_3
542	Hmgn2	Joint_Module_3
543	Hmmr	Joint_Module_3
544	Hnf4a	Joint_Module_3
545	Hnrnpa0	Joint_Module_3
546	Hnrnpa1	Joint_Module_3
547	Hnrnpa2b1	Joint_Module_3
548	Hnrnpab	Joint_Module_3
549	Hnrnpc	Joint_Module_3
550	Hnrnpf	Joint_Module_3
551	Hnrnph1	Joint_Module_3
552	Hnrnpk	Joint_Module_3
553	Hnrnpl	Joint_Module_3
554	Hnrnpm	Joint_Module_3
555	Hnrnpr	Joint_Module_3
556	Hnrnpu	Joint_Module_3
557	Hnrnpul1	Joint_Module_3
558	Hnrnpul2	Joint_Module_3
559	Hsbp1	Joint_Module_3
560	Hsp90aa1	Joint_Module_3
561	Hsp90ab1	Joint_Module_3
562	Hspa14	Joint_Module_3
563	Hspa4	Joint_Module_3
564	Hspa9	Joint_Module_3
565	Hspd1	Joint_Module_3
566	Hspe1	Joint_Module_3
567	Hsph1	Joint_Module_3
568	Iars	Joint_Module_3
569	Id3	Joint_Module_3
570	Idh3a	Joint_Module_3
571	Ier3ip1	Joint_Module_3
572	Ier5l	Joint_Module_3
573	Iffo2	Joint_Module_3
574	Ifi202b	Joint_Module_3
575	Ifi203	Joint_Module_3
576	Ifi204	Joint_Module_3
577	Ifi211	Joint_Module_3
578	Ift22	Joint_Module_3
579	Igf2bp1	Joint_Module_3
580	Igf2bp2	Joint_Module_3
581	Il11	Joint_Module_3
582	Ilf2	Joint_Module_3
583	Ilf3	Joint_Module_3
584	Impdh1	Joint_Module_3
585	Incenp	Joint_Module_3
586	Ints12	Joint_Module_3
587	Ints13	Joint_Module_3
588	Ipo7	Joint_Module_3
589	Ireb2	Joint_Module_3
590	Isy1	Joint_Module_3
591	Itga3	Joint_Module_3
592	Itga5	Joint_Module_3
593	Itgb1	Joint_Module_3
594	Itgb5	Joint_Module_3
595	Itpa	Joint_Module_3
596	Itpripl2	Joint_Module_3
597	Iws1	Joint_Module_3
598	Jag1	Joint_Module_3
599	Jmjd6	Joint_Module_3
600	Jpt1	Joint_Module_3
601	Junb	Joint_Module_3
602	Kansl2	Joint_Module_3
603	Kansl3	Joint_Module_3
604	Kars	Joint_Module_3
605	Kbtbd2	Joint_Module_3
606	Kcmf1	Joint_Module_3
607	Kcnab1	Joint_Module_3
608	Kcnn4	Joint_Module_3
609	Kctd11	Joint_Module_3
610	Kdm1a	Joint_Module_3
611	Kdm5a	Joint_Module_3
612	Kdm5b	Joint_Module_3
613	Khdrbs1	Joint_Module_3
614	Khdrbs3	Joint_Module_3
615	Kif11	Joint_Module_3
616	Kif1a	Joint_Module_3
617	Kif20b	Joint_Module_3
618	Kif23	Joint_Module_3
619	Kif2c	Joint_Module_3
620	Kif3a	Joint_Module_3
621	Kif5c	Joint_Module_3
622	Kitl	Joint_Module_3
623	Klf10	Joint_Module_3
624	Klf2	Joint_Module_3
625	Klf3	Joint_Module_3
626	Klf5	Joint_Module_3
627	Klf6	Joint_Module_3
628	Klf7	Joint_Module_3
629	Klf9	Joint_Module_3
630	Klhdc2	Joint_Module_3
631	Klhl1	Joint_Module_3
632	Klra4	Joint_Module_3
633	Kmt5a	Joint_Module_3
634	Knstrn	Joint_Module_3
635	Kpna3	Joint_Module_3
636	Kpnb1	Joint_Module_3
637	Krr1	Joint_Module_3
638	Krt14	Joint_Module_3
639	Krt20	Joint_Module_3
640	Krt23	Joint_Module_3
641	Krt6a	Joint_Module_3
642	Krtcap2	Joint_Module_3
643	L3mbtl3	Joint_Module_3
644	Lama3	Joint_Module_3
645	Lamb1	Joint_Module_3
646	Larp7	Joint_Module_3
647	Lars	Joint_Module_3
648	Lce1g	Joint_Module_3
649	Ldb1	Joint_Module_3
650	Lef1	Joint_Module_3
651	Leo1	Joint_Module_3
652	Leprot	Joint_Module_3
653	Lgr6	Joint_Module_3
654	Lhx9	Joint_Module_3
655	Lin7c	Joint_Module_3
656	Litaf	Joint_Module_3
657	Lmcd1	Joint_Module_3
658	Lmna	Joint_Module_3
659	Lmo1	Joint_Module_3
660	Lor	Joint_Module_3
661	Lratd1	Joint_Module_3
662	Lrch2	Joint_Module_3
663	Lrrc58	Joint_Module_3
664	Lrrc59	Joint_Module_3
665	Lrrk1	Joint_Module_3
666	Lsg1	Joint_Module_3
667	Lsm12	Joint_Module_3
668	Lsm3	Joint_Module_3
669	Lsm4	Joint_Module_3
670	Lsm6	Joint_Module_3
671	Lsm7	Joint_Module_3
672	Lsm8	Joint_Module_3
673	Ltbp1	Joint_Module_3
674	Ltbp3	Joint_Module_3
675	Luc7l3	Joint_Module_3
676	Lurap1l	Joint_Module_3
677	Maco1	Joint_Module_3
678	Mad2l1	Joint_Module_3
679	Maea	Joint_Module_3
680	Magi1	Joint_Module_3
681	Magoh	Joint_Module_3
682	Mak16	Joint_Module_3
683	Maoa	Joint_Module_3
684	Map1b	Joint_Module_3
685	Map1lc3b	Joint_Module_3
686	Map2	Joint_Module_3
687	Map2k1	Joint_Module_3
688	Map3k2	Joint_Module_3
689	Map3k20	Joint_Module_3
690	Map4	Joint_Module_3
691	Map4k4	Joint_Module_3
692	Map7d1	Joint_Module_3
693	Mapk1	Joint_Module_3
694	Mapk1ip1l	Joint_Module_3
695	Mapk6	Joint_Module_3
696	Mapre1	Joint_Module_3
697	March5	Joint_Module_3
698	Marcks	Joint_Module_3
699	Marcksl1	Joint_Module_3
700	Mast4	Joint_Module_3
701	Mastl	Joint_Module_3
702	Mbd3	Joint_Module_3
703	Mcl1	Joint_Module_3
704	Mcm2	Joint_Module_3
705	Mcm3	Joint_Module_3
706	Mcm4	Joint_Module_3
707	Mcm5	Joint_Module_3
708	Mcm6	Joint_Module_3
709	Mcm7	Joint_Module_3
710	Mcmbp	Joint_Module_3
711	Mdk	Joint_Module_3
712	Mea1	Joint_Module_3
713	Med10	Joint_Module_3
714	Med13l	Joint_Module_3
715	Med17	Joint_Module_3
716	Med19	Joint_Module_3
717	Megf10	Joint_Module_3
718	Melk	Joint_Module_3
719	Metap2	Joint_Module_3
720	Mettl16	Joint_Module_3
721	Mex3a	Joint_Module_3
722	Mfhas1	Joint_Module_3
723	Mgarp	Joint_Module_3
724	Mir100hg	Joint_Module_3
725	Mis12	Joint_Module_3
726	Mis18bp1	Joint_Module_3
727	Mki67	Joint_Module_3
728	Mlf2	Joint_Module_3
729	Mllt11	Joint_Module_3
730	Mllt3	Joint_Module_3
731	Mmd	Joint_Module_3
732	Mob1a	Joint_Module_3
733	Morf4l1	Joint_Module_3
734	Morf4l2	Joint_Module_3
735	Morrbid	Joint_Module_3
736	Mphosph10	Joint_Module_3
737	Mrfap1	Joint_Module_3
738	Mroh3	Joint_Module_3
739	Mrpl11	Joint_Module_3
740	Mrpl12	Joint_Module_3
741	Mrpl13	Joint_Module_3
742	Mrpl18	Joint_Module_3
743	Mrpl21	Joint_Module_3
744	Mrpl35	Joint_Module_3
745	Mrpl43	Joint_Module_3
746	Mrpl45	Joint_Module_3
747	Mrpl49	Joint_Module_3
748	Mrps22	Joint_Module_3
749	Mrps26	Joint_Module_3
750	Mrps30	Joint_Module_3
751	Mrps33	Joint_Module_3
752	Msantd4	Joint_Module_3
753	Msh6	Joint_Module_3
754	Msi2	Joint_Module_3
755	Mta2	Joint_Module_3
756	Mtf2	Joint_Module_3
757	Mthfd2	Joint_Module_3
758	Mxi1	Joint_Module_3
759	Mybbp1a	Joint_Module_3
760	Myc	Joint_Module_3
761	Myh9	Joint_Module_3
762	Myl12a	Joint_Module_3
763	Myo10	Joint_Module_3
764	Myo1e	Joint_Module_3
765	Myof	Joint_Module_3
766	Naa15	Joint_Module_3
767	Naa20	Joint_Module_3
768	Naa50	Joint_Module_3
769	Nap1l1	Joint_Module_3
770	Nars	Joint_Module_3
771	Nasp	Joint_Module_3
772	Nat10	Joint_Module_3
773	Ncapd2	Joint_Module_3
774	Ncapg	Joint_Module_3
775	Ncapg2	Joint_Module_3
776	Ncbp2	Joint_Module_3
777	Ncl	Joint_Module_3
778	Ndc80	Joint_Module_3
779	Nde1	Joint_Module_3
780	Ndn	Joint_Module_3
781	Ndst3	Joint_Module_3
782	Ndufa2	Joint_Module_3
783	Ndufa9	Joint_Module_3
784	Ndufb8	Joint_Module_3
785	Ndufv1	Joint_Module_3
786	Nedd4	Joint_Module_3
787	Neo1	Joint_Module_3
788	Nes	Joint_Module_3
789	Nexmif	Joint_Module_3
790	Nfat5	Joint_Module_3
791	Nfkbiz	Joint_Module_3
792	Nhp2	Joint_Module_3
793	Ninj1	Joint_Module_3
794	Nip7	Joint_Module_3
795	Nme1	Joint_Module_3
796	Nme2	Joint_Module_3
797	Nmt2	Joint_Module_3
798	Nnat	Joint_Module_3
799	Noc3l	Joint_Module_3
800	Nol8	Joint_Module_3
801	Nolc1	Joint_Module_3
802	Nono	Joint_Module_3
803	Nop14	Joint_Module_3
804	Nop16	Joint_Module_3
805	Nop2	Joint_Module_3
806	Nop56	Joint_Module_3
807	Nop58	Joint_Module_3
808	Npat	Joint_Module_3
809	Npepps	Joint_Module_3
810	Nptx1	Joint_Module_3
811	Nqo2	Joint_Module_3
812	Nr2f1	Joint_Module_3
813	Nras	Joint_Module_3
814	Nrip1	Joint_Module_3
815	Nsl1	Joint_Module_3
816	Nsmce1	Joint_Module_3
817	Nsrp1	Joint_Module_3
818	Nsun2	Joint_Module_3
819	Ntan1	Joint_Module_3
820	Nucks1	Joint_Module_3
821	Nudc	Joint_Module_3
822	Nuf2	Joint_Module_3
823	Nufip2	Joint_Module_3
824	Nup155	Joint_Module_3
825	Nup205	Joint_Module_3
826	Nup50	Joint_Module_3
827	Nup62	Joint_Module_3
828	Nupr1	Joint_Module_3
829	Nusap1	Joint_Module_3
830	Nxt1	Joint_Module_3
831	Odaph	Joint_Module_3
832	Odc1	Joint_Module_3
833	Ola1	Joint_Module_3
834	Olfr1372-ps1	Joint_Module_3
835	Onecut2	Joint_Module_3
836	Orc6	Joint_Module_3
837	Osbpl3	Joint_Module_3
838	Oser1	Joint_Module_3
839	Otub1	Joint_Module_3
840	P3h4	Joint_Module_3
841	Padi1	Joint_Module_3
842	Pafah1b1	Joint_Module_3
843	Pafah1b2	Joint_Module_3
844	Paip2	Joint_Module_3
845	Pak1	Joint_Module_3
846	Pak1ip1	Joint_Module_3
847	Pak2	Joint_Module_3
848	Pak3	Joint_Module_3
849	Palmd	Joint_Module_3
850	Pank2	Joint_Module_3
851	Park7	Joint_Module_3
852	Pbdc1	Joint_Module_3
853	Pbx1	Joint_Module_3
854	Pcbp1	Joint_Module_3
855	Pcbp2	Joint_Module_3
856	Pcdh19	Joint_Module_3
857	Pcgf3	Joint_Module_3
858	Pcgf5	Joint_Module_3
859	Pclaf	Joint_Module_3
860	Pcna	Joint_Module_3
861	Pcnp	Joint_Module_3
862	Pcsk1n	Joint_Module_3
863	Pdap1	Joint_Module_3
864	Pdcd11	Joint_Module_3
865	Pdcd5	Joint_Module_3
866	Pdcd6	Joint_Module_3
867	Pdgfc	Joint_Module_3
868	Pdlim5	Joint_Module_3
869	Pdlim7	Joint_Module_3
870	Peak1	Joint_Module_3
871	Pes1	Joint_Module_3
872	Pfdn1	Joint_Module_3
873	Pfdn2	Joint_Module_3
874	Pfdn4	Joint_Module_3
875	Pfdn6	Joint_Module_3
876	Pfn1	Joint_Module_3
877	Pgam5	Joint_Module_3
878	Pgap1	Joint_Module_3
879	Phb	Joint_Module_3
880	Phb2	Joint_Module_3
881	Phc2	Joint_Module_3
882	Phf14	Joint_Module_3
883	Phf20	Joint_Module_3
884	Phf5a	Joint_Module_3
885	Phf6	Joint_Module_3
886	Phgdh	Joint_Module_3
887	Picalm	Joint_Module_3
888	Pik3r1	Joint_Module_3
889	Pilra	Joint_Module_3
890	Pilrb1	Joint_Module_3
891	Pilrb2	Joint_Module_3
892	Pimreg	Joint_Module_3
893	Pin1	Joint_Module_3
894	Pitpna	Joint_Module_3
895	Pitpnb	Joint_Module_3
896	Pitrm1	Joint_Module_3
897	Pitx1	Joint_Module_3
898	Pja1	Joint_Module_3
899	Pkd2	Joint_Module_3
900	Pkn2	Joint_Module_3
901	Pkp1	Joint_Module_3
902	Pkp4	Joint_Module_3
903	Pla2g4a	Joint_Module_3
904	Plac8	Joint_Module_3
905	Plaur	Joint_Module_3
906	Plce1	Joint_Module_3
907	Plec	Joint_Module_3
908	Plekha2	Joint_Module_3
909	Plekha3	Joint_Module_3
910	Plekhg3	Joint_Module_3
911	Plekho1	Joint_Module_3
912	Plk1	Joint_Module_3
913	Plk2	Joint_Module_3
914	Plk4	Joint_Module_3
915	Plpp3	Joint_Module_3
916	Plrg1	Joint_Module_3
917	Plscr1	Joint_Module_3
918	Podxl	Joint_Module_3
919	Pole4	Joint_Module_3
920	Polq	Joint_Module_3
921	Polr1d	Joint_Module_3
922	Polr2c	Joint_Module_3
923	Polr2d	Joint_Module_3
924	Polr2f	Joint_Module_3
925	Polr2g	Joint_Module_3
926	Polr2h	Joint_Module_3
927	Polr2m	Joint_Module_3
928	Pomp	Joint_Module_3
929	Pop1	Joint_Module_3
930	Ppan	Joint_Module_3
931	Ppfibp1	Joint_Module_3
932	Ppid	Joint_Module_3
933	Ppig	Joint_Module_3
934	Ppih	Joint_Module_3
935	Ppp1ca	Joint_Module_3
936	Ppp1cc	Joint_Module_3
937	Ppp1r10	Joint_Module_3
938	Ppp1r14b	Joint_Module_3
939	Ppp1r18	Joint_Module_3
940	Ppp1r2	Joint_Module_3
941	Ppp2ca	Joint_Module_3
942	Ppp2r2a	Joint_Module_3
943	Ppp2r2c	Joint_Module_3
944	Ppp3ca	Joint_Module_3
945	Ppp4c	Joint_Module_3
946	Ppp4r2	Joint_Module_3
947	Prc1	Joint_Module_3
948	Prdx2	Joint_Module_3
949	Prelid1	Joint_Module_3
950	Prelid3b	Joint_Module_3
951	Prkag1	Joint_Module_3
952	Prkar1a	Joint_Module_3
953	Prkar1b	Joint_Module_3
954	Prl2c2	Joint_Module_3
955	Prl2c3	Joint_Module_3
956	Prmt1	Joint_Module_3
957	Prpf19	Joint_Module_3
958	Prpf3	Joint_Module_3
959	Prpf31	Joint_Module_3
960	Prpf40a	Joint_Module_3
961	Prr11	Joint_Module_3
962	Prrx2	Joint_Module_3
963	Prss22	Joint_Module_3
964	Psat1	Joint_Module_3
965	Psip1	Joint_Module_3
966	Psma1	Joint_Module_3
967	Psma2	Joint_Module_3
968	Psma4	Joint_Module_3
969	Psma5	Joint_Module_3
970	Psma7	Joint_Module_3
971	Psmb3	Joint_Module_3
972	Psmb6	Joint_Module_3
973	Psmc2	Joint_Module_3
974	Psmc4	Joint_Module_3
975	Psmc5	Joint_Module_3
976	Psmd12	Joint_Module_3
977	Psmd14	Joint_Module_3
978	Psmd2	Joint_Module_3
979	Psmd4	Joint_Module_3
980	Psmd8	Joint_Module_3
981	Psph	Joint_Module_3
982	Pstpip1	Joint_Module_3
983	Ptar1	Joint_Module_3
984	Ptcd3	Joint_Module_3
985	Ptchd1	Joint_Module_3
986	Pten	Joint_Module_3
987	Ptges3	Joint_Module_3
988	Ptgs2	Joint_Module_3
989	Ptma	Joint_Module_3
990	Ptp4a2	Joint_Module_3
991	Ptpra	Joint_Module_3
992	Ptprt	Joint_Module_3
993	Pttg1	Joint_Module_3
994	Puf60	Joint_Module_3
995	Pum2	Joint_Module_3
996	Pum3	Joint_Module_3
997	Purb	Joint_Module_3
998	Pxdc1	Joint_Module_3
999	Pxdn	Joint_Module_3
1000	Qrfp	Joint_Module_3
1001	R3hcc1l	Joint_Module_3
1002	Rab11fip5	Joint_Module_3
1003	Rab18	Joint_Module_3
1004	Rab22a	Joint_Module_3
1005	Rab2a	Joint_Module_3
1006	Rab5c	Joint_Module_3
1007	Rab6a	Joint_Module_3
1008	Rab7	Joint_Module_3
1009	Rac1	Joint_Module_3
1010	Racgap1	Joint_Module_3
1011	Rad18	Joint_Module_3
1012	Rad21	Joint_Module_3
1013	Rad23b	Joint_Module_3
1014	Rad51ap1	Joint_Module_3
1015	Rala	Joint_Module_3
1016	Ralgps2	Joint_Module_3
1017	Ramp1	Joint_Module_3
1018	Ranbp3	Joint_Module_3
1019	Rangap1	Joint_Module_3
1020	Rap1gap2	Joint_Module_3
1021	Rap2b	Joint_Module_3
1022	Rap2c	Joint_Module_3
1023	Rasa1	Joint_Module_3
1024	Rasa3	Joint_Module_3
1025	Rasgrf1	Joint_Module_3
1026	Rassf8	Joint_Module_3
1027	Rbbp4	Joint_Module_3
1028	Rbbp6	Joint_Module_3
1029	Rbfox1	Joint_Module_3
1030	Rbfox2	Joint_Module_3
1031	Rbm15b	Joint_Module_3
1032	Rbm17	Joint_Module_3
1033	Rbm25	Joint_Module_3
1034	Rbm27	Joint_Module_3
1035	Rbm28	Joint_Module_3
1036	Rbm3	Joint_Module_3
1037	Rbm39	Joint_Module_3
1038	Rbm8a	Joint_Module_3
1039	Rbms1	Joint_Module_3
1040	Rbmx2	Joint_Module_3
1041	Rbmxl1	Joint_Module_3
1042	Rbx1	Joint_Module_3
1043	Rc3h2	Joint_Module_3
1044	Rcc2	Joint_Module_3
1045	Rcl1	Joint_Module_3
1046	Rcn2	Joint_Module_3
1047	Rcor2	Joint_Module_3
1048	Rdh10	Joint_Module_3
1049	Rfc3	Joint_Module_3
1050	Rgs17	Joint_Module_3
1051	Rgs2	Joint_Module_3
1052	Rgs5	Joint_Module_3
1053	Rhoa	Joint_Module_3
1054	Rhob	Joint_Module_3
1055	Rhoc	Joint_Module_3
1056	Rif1	Joint_Module_3
1057	Rin1	Joint_Module_3
1058	Ripk1	Joint_Module_3
1059	Rlim	Joint_Module_3
1060	Rnd3	Joint_Module_3
1061	Rnf11	Joint_Module_3
1062	Rnf152	Joint_Module_3
1063	Rnf217	Joint_Module_3
1064	Rnf38	Joint_Module_3
1065	Rnf4	Joint_Module_3
1066	Rnf7	Joint_Module_3
1067	Rnmt	Joint_Module_3
1068	Rnps1	Joint_Module_3
1069	Ro60	Joint_Module_3
1070	Rpp30	Joint_Module_3
1071	Rps4l	Joint_Module_3
1072	Rps6ka2	Joint_Module_3
1073	Rrm1	Joint_Module_3
1074	Rrm2	Joint_Module_3
1075	Rrn3	Joint_Module_3
1076	Rsf1	Joint_Module_3
1077	Rsl1d1	Joint_Module_3
1078	Rsrc2	Joint_Module_3
1079	Rtca	Joint_Module_3
1080	Rtf1	Joint_Module_3
1081	Rtn4	Joint_Module_3
1082	Runx1	Joint_Module_3
1083	Runx2	Joint_Module_3
1084	Ruvbl1	Joint_Module_3
1085	Rwdd1	Joint_Module_3
1086	Rybp	Joint_Module_3
1087	S100a7a	Joint_Module_3
1088	Sae1	Joint_Module_3
1089	Samd14	Joint_Module_3
1090	Samm50	Joint_Module_3
1091	Sars	Joint_Module_3
1092	Sart1	Joint_Module_3
1093	Scaf11	Joint_Module_3
1094	Scin	Joint_Module_3
1095	Scn9a	Joint_Module_3
1096	Scoc	Joint_Module_3
1097	Sdc2	Joint_Module_3
1098	Sdc3	Joint_Module_3
1099	Sdhd	Joint_Module_3
1100	Sec13	Joint_Module_3
1101	Sec24b	Joint_Module_3
1102	Selenoh	Joint_Module_3
1103	Sem1	Joint_Module_3
1104	Sema3a	Joint_Module_3
1105	Sept6	Joint_Module_3
1106	Sept7	Joint_Module_3
1107	Sept9	Joint_Module_3
1108	Serpinb6a	Joint_Module_3
1109	Set	Joint_Module_3
1110	Sf1	Joint_Module_3
1111	Sf3a1	Joint_Module_3
1112	Sf3a3	Joint_Module_3
1113	Sf3b2	Joint_Module_3
1114	Sf3b3	Joint_Module_3
1115	Sf3b4	Joint_Module_3
1116	Sfpq	Joint_Module_3
1117	Sfr1	Joint_Module_3
1118	Sgk1	Joint_Module_3
1119	Sgms2	Joint_Module_3
1120	Sgo1	Joint_Module_3
1121	Sh2d5	Joint_Module_3
1122	Sh3bgrl	Joint_Module_3
1123	Sh3bgrl2	Joint_Module_3
1124	Sh3glb1	Joint_Module_3
1125	Sh3kbp1	Joint_Module_3
1126	Sh3pxd2a	Joint_Module_3
1127	Sh3pxd2b	Joint_Module_3
1128	Shf	Joint_Module_3
1129	Shmt2	Joint_Module_3
1130	Shoc2	Joint_Module_3
1131	Sin3b	Joint_Module_3
1132	Sinhcaf	Joint_Module_3
1133	Ska1	Joint_Module_3
1134	Ska2	Joint_Module_3
1135	Skil	Joint_Module_3
1136	Skp1a	Joint_Module_3
1137	Slc14a1	Joint_Module_3
1138	Slc16a3	Joint_Module_3
1139	Slc17a6	Joint_Module_3
1140	Slc20a1	Joint_Module_3
1141	Slc25a24	Joint_Module_3
1142	Slc25a30	Joint_Module_3
1143	Slc29a1	Joint_Module_3
1144	Slc35e4	Joint_Module_3
1145	Slc38a1	Joint_Module_3
1146	Slc4a11	Joint_Module_3
1147	Slc5a7	Joint_Module_3
1148	Slc9a2	Joint_Module_3
1149	Slk	Joint_Module_3
1150	Slu7	Joint_Module_3
1151	Smad1	Joint_Module_3
1152	Smad3	Joint_Module_3
1153	Smad7	Joint_Module_3
1154	Smarca4	Joint_Module_3
1155	Smarca5	Joint_Module_3
1156	Smarcc1	Joint_Module_3
1157	Smarce1	Joint_Module_3
1158	Smc2	Joint_Module_3
1159	Smc3	Joint_Module_3
1160	Smc5	Joint_Module_3
1161	Smg7	Joint_Module_3
1162	Smim10l1	Joint_Module_3
1163	Smn1	Joint_Module_3
1164	Smndc1	Joint_Module_3
1165	Smo	Joint_Module_3
1166	Smoc1	Joint_Module_3
1167	Smoc2	Joint_Module_3
1168	Smpd4	Joint_Module_3
1169	Smtn	Joint_Module_3
1170	Smu1	Joint_Module_3
1171	Snapc1	Joint_Module_3
1172	Sned1	Joint_Module_3
1173	Snhg1	Joint_Module_3
1174	Snhg17	Joint_Module_3
1175	Snhg5	Joint_Module_3
1176	Snrnp200	Joint_Module_3
1177	Snrnp25	Joint_Module_3
1178	Snrnp27	Joint_Module_3
1179	Snrnp48	Joint_Module_3
1180	Snrpa1	Joint_Module_3
1181	Snrpb	Joint_Module_3
1182	Snrpb2	Joint_Module_3
1183	Snrpc	Joint_Module_3
1184	Snrpd1	Joint_Module_3
1185	Snrpd2	Joint_Module_3
1186	Snrpd3	Joint_Module_3
1187	Snrpe	Joint_Module_3
1188	Snrpf	Joint_Module_3
1189	Snrpg	Joint_Module_3
1190	Snu13	Joint_Module_3
1191	Snx12	Joint_Module_3
1192	Snx9	Joint_Module_3
1193	Socs6	Joint_Module_3
1194	Sox11	Joint_Module_3
1195	Sox5	Joint_Module_3
1196	Spc25	Joint_Module_3
1197	Speg	Joint_Module_3
1198	Spg21	Joint_Module_3
1199	Spin1	Joint_Module_3
1200	Spout1	Joint_Module_3
1201	Spred2	Joint_Module_3
1202	Sprr1a	Joint_Module_3
1203	Sprr2h	Joint_Module_3
1204	Sprr2k	Joint_Module_3
1205	Spsb1	Joint_Module_3
1206	Sptan1	Joint_Module_3
1207	Srgap3	Joint_Module_3
1208	Srp14	Joint_Module_3
1209	Srp9	Joint_Module_3
1210	Srrm1	Joint_Module_3
1211	Srsf1	Joint_Module_3
1212	Srsf10	Joint_Module_3
1213	Srsf3	Joint_Module_3
1214	Srsf6	Joint_Module_3
1215	Srsf7	Joint_Module_3
1216	Ssb	Joint_Module_3
1217	Ssna1	Joint_Module_3
1218	Ssr3	Joint_Module_3
1219	Ssrp1	Joint_Module_3
1220	St13	Joint_Module_3
1221	St3gal2	Joint_Module_3
1222	St8sia3	Joint_Module_3
1223	Stac	Joint_Module_3
1224	Stc1	Joint_Module_3
1225	Steap2	Joint_Module_3
1226	Stip1	Joint_Module_3
1227	Stk24	Joint_Module_3
1228	Stmn1	Joint_Module_3
1229	Strap	Joint_Module_3
1230	Sumo1	Joint_Module_3
1231	Sumo2	Joint_Module_3
1232	Sumo3	Joint_Module_3
1233	Supt4a	Joint_Module_3
1234	Supt6	Joint_Module_3
1235	Suv39h1	Joint_Module_3
1236	Suz12	Joint_Module_3
1237	Swi5	Joint_Module_3
1238	Syce2	Joint_Module_3
1239	Syf2	Joint_Module_3
1240	Syncrip	Joint_Module_3
1241	Synpr	Joint_Module_3
1242	Syt6	Joint_Module_3
1243	Szrd1	Joint_Module_3
1244	Tacc3	Joint_Module_3
1245	Taf1d	Joint_Module_3
1246	Tafa5	Joint_Module_3
1247	Tagln2	Joint_Module_3
1248	Taok1	Joint_Module_3
1249	Tarbp2	Joint_Module_3
1250	Tardbp	Joint_Module_3
1251	Tars	Joint_Module_3
1252	Tbc1d12	Joint_Module_3
1253	Tbca	Joint_Module_3
1254	Tbcb	Joint_Module_3
1255	Tbl1x	Joint_Module_3
1256	Tcaf1	Joint_Module_3
1257	Tcerg1	Joint_Module_3
1258	Tcf12	Joint_Module_3
1259	Tcf3	Joint_Module_3
1260	Tcf7	Joint_Module_3
1261	Tcim	Joint_Module_3
1262	Tcp1	Joint_Module_3
1263	Tcp11l1	Joint_Module_3
1264	Tead2	Joint_Module_3
1265	Tedc1	Joint_Module_3
1266	Tgif1	Joint_Module_3
1267	Tgs1	Joint_Module_3
1268	Thbd	Joint_Module_3
1269	Thbs4	Joint_Module_3
1270	Tia1	Joint_Module_3
1271	Tial1	Joint_Module_3
1272	Tiam2	Joint_Module_3
1273	Timm13	Joint_Module_3
1274	Timm17a	Joint_Module_3
1275	Tipin	Joint_Module_3
1276	Tiprl	Joint_Module_3
1277	Tk1	Joint_Module_3
1278	Tm9sf3	Joint_Module_3
1279	Tma7	Joint_Module_3
1280	Tmcc3	Joint_Module_3
1281	Tmem132b	Joint_Module_3
1282	Tmem167	Joint_Module_3
1283	Tmem209	Joint_Module_3
1284	Tmem65	Joint_Module_3
1285	Tmod3	Joint_Module_3
1286	Tmpo	Joint_Module_3
1287	Tmprss11e	Joint_Module_3
1288	Tmsb10	Joint_Module_3
1289	Tmtc4	Joint_Module_3
1290	Tnfaip3	Joint_Module_3
1291	Tnfaip6	Joint_Module_3
1292	Tnfaip8	Joint_Module_3
1293	Tnfrsf12a	Joint_Module_3
1294	Tnfrsf22	Joint_Module_3
1295	Tnfrsf26	Joint_Module_3
1296	Tnks2	Joint_Module_3
1297	Tnnt2	Joint_Module_3
1298	Tnpo1	Joint_Module_3
1299	Tnpo3	Joint_Module_3
1300	Tns4	Joint_Module_3
1301	Tomm20	Joint_Module_3
1302	Tomm22	Joint_Module_3
1303	Tomm40	Joint_Module_3
1304	Tomm5	Joint_Module_3
1305	Tomm70a	Joint_Module_3
1306	Top2a	Joint_Module_3
1307	Topbp1	Joint_Module_3
1308	Tpbg	Joint_Module_3
1309	Tpm1	Joint_Module_3
1310	Tpm3	Joint_Module_3
1311	Tpm4	Joint_Module_3
1312	Tpx2	Joint_Module_3
1313	Tra2b	Joint_Module_3
1314	Traip	Joint_Module_3
1315	Trbc2	Joint_Module_3
1316	Trim28	Joint_Module_3
1317	Trim59	Joint_Module_3
1318	Trim8	Joint_Module_3
1319	Trip13	Joint_Module_3
1320	Trmt10c	Joint_Module_3
1321	Trmt112	Joint_Module_3
1322	Trmt6	Joint_Module_3
1323	Troap	Joint_Module_3
1324	Trps1	Joint_Module_3
1325	Trub2	Joint_Module_3
1326	Tsn	Joint_Module_3
1327	Tspan3	Joint_Module_3
1328	Tspan6	Joint_Module_3
1329	Tspan7	Joint_Module_3
1330	Tuba1b	Joint_Module_3
1331	Tuba1c	Joint_Module_3
1332	Tubb2b	Joint_Module_3
1333	Tubb5	Joint_Module_3
1334	Tubb6	Joint_Module_3
1335	Twf1	Joint_Module_3
1336	Twist1	Joint_Module_3
1337	Txn1	Joint_Module_3
1338	Txndc17	Joint_Module_3
1339	Txnl4a	Joint_Module_3
1340	U2af2	Joint_Module_3
1341	U2surp	Joint_Module_3
1342	Uba1	Joint_Module_3
1343	Uba3	Joint_Module_3
1344	Ubap1	Joint_Module_3
1345	Ubb	Joint_Module_3
1346	Ube2b	Joint_Module_3
1347	Ube2c	Joint_Module_3
1348	Ube2d2a	Joint_Module_3
1349	Ube2d3	Joint_Module_3
1350	Ube2e3	Joint_Module_3
1351	Ube2g1	Joint_Module_3
1352	Ube2j1	Joint_Module_3
1353	Ube2j2	Joint_Module_3
1354	Ube2k	Joint_Module_3
1355	Ube2l3	Joint_Module_3
1356	Ube2n	Joint_Module_3
1357	Ube2r2	Joint_Module_3
1358	Ube2v2	Joint_Module_3
1359	Ube2z	Joint_Module_3
1360	Ube3a	Joint_Module_3
1361	Uchl1	Joint_Module_3
1362	Uchl3	Joint_Module_3
1363	Uchl5	Joint_Module_3
1364	Uck2	Joint_Module_3
1365	Ufm1	Joint_Module_3
1366	Uhrf1	Joint_Module_3
1367	Uhrf2	Joint_Module_3
1368	Umps	Joint_Module_3
1369	Uqcrfs1	Joint_Module_3
1370	Uqcrq	Joint_Module_3
1371	Usp1	Joint_Module_3
1372	Usp22	Joint_Module_3
1373	Usp34	Joint_Module_3
1374	Usp39	Joint_Module_3
1375	Usp5	Joint_Module_3
1376	Usp7	Joint_Module_3
1377	Usp9x	Joint_Module_3
1378	Utp15	Joint_Module_3
1379	Utp6	Joint_Module_3
1380	Vamp5	Joint_Module_3
1381	Vasp	Joint_Module_3
1382	Vbp1	Joint_Module_3
1383	Vdac1	Joint_Module_3
1384	Vdac3	Joint_Module_3
1385	Vezf1	Joint_Module_3
1386	Washc2	Joint_Module_3
1387	Wasl	Joint_Module_3
1388	Wbp11	Joint_Module_3
1389	Wdr1	Joint_Module_3
1390	Wdr43	Joint_Module_3
1391	Wdr70	Joint_Module_3
1392	Wipf1	Joint_Module_3
1393	Wipi1	Joint_Module_3
1394	Wnk1	Joint_Module_3
1395	Wnt5a	Joint_Module_3
1396	Wnt7b	Joint_Module_3
1397	Wsb1	Joint_Module_3
1398	Wwtr1	Joint_Module_3
1399	Xpo1	Joint_Module_3
1400	Xrn2	Joint_Module_3
1401	Yaf2	Joint_Module_3
1402	Yap1	Joint_Module_3
1403	Yars	Joint_Module_3
1404	Ykt6	Joint_Module_3
1405	Yrdc	Joint_Module_3
1406	Ythdc1	Joint_Module_3
1407	Ythdf2	Joint_Module_3
1408	Ywhab	Joint_Module_3
1409	Ywhae	Joint_Module_3
1410	Ywhag	Joint_Module_3
1411	Ywhah	Joint_Module_3
1412	Ywhaq	Joint_Module_3
1413	Zbtb6	Joint_Module_3
1414	Zc3h15	Joint_Module_3
1415	Zcchc10	Joint_Module_3
1416	Zcrb1	Joint_Module_3
1417	Zdhhc13	Joint_Module_3
1418	Zeb2	Joint_Module_3
1419	Zfand2a	Joint_Module_3
1420	Zfand5	Joint_Module_3
1421	Zfhx4	Joint_Module_3
1422	Zfp148	Joint_Module_3
1423	Zfp35	Joint_Module_3
1424	Zfp36l2	Joint_Module_3
1425	Zfp706	Joint_Module_3
1426	Zfp91-1	Joint_Module_3
1427	Zpr1	Joint_Module_3
1428	Zrsr2	Joint_Module_3
1429	Zyx	Joint_Module_3
0	Cox4i1	Joint_Module_4
1	Cox5b	Joint_Module_4
2	Cox6a1	Joint_Module_4
3	Eef1b2	Joint_Module_4
4	Eif3f	Joint_Module_4
5	Gas5	Joint_Module_4
6	Naca	Joint_Module_4
7	Oaz1	Joint_Module_4
8	Rack1	Joint_Module_4
9	Rpl10a	Joint_Module_4
10	Rpl11	Joint_Module_4
11	Rpl12	Joint_Module_4
12	Rpl13	Joint_Module_4
13	Rpl14	Joint_Module_4
14	Rpl18a	Joint_Module_4
15	Rpl19	Joint_Module_4
16	Rpl21	Joint_Module_4
17	Rpl22	Joint_Module_4
18	Rpl23a	Joint_Module_4
19	Rpl24	Joint_Module_4
20	Rpl26	Joint_Module_4
21	Rpl27a	Joint_Module_4
22	Rpl28	Joint_Module_4
23	Rpl29	Joint_Module_4
24	Rpl3	Joint_Module_4
25	Rpl30	Joint_Module_4
26	Rpl34	Joint_Module_4
27	Rpl36	Joint_Module_4
28	Rpl36a	Joint_Module_4
29	Rpl37	Joint_Module_4
30	Rpl38	Joint_Module_4
31	Rpl39	Joint_Module_4
32	Rpl4	Joint_Module_4
33	Rpl41	Joint_Module_4
34	Rpl5	Joint_Module_4
35	Rpl6	Joint_Module_4
36	Rpl7	Joint_Module_4
37	Rpl7a	Joint_Module_4
38	Rpl8	Joint_Module_4
39	Rpl9	Joint_Module_4
40	Rplp1	Joint_Module_4
41	Rps10	Joint_Module_4
42	Rps11	Joint_Module_4
43	Rps12	Joint_Module_4
44	Rps13	Joint_Module_4
45	Rps13-ps1	Joint_Module_4
46	Rps14	Joint_Module_4
47	Rps15a	Joint_Module_4
48	Rps16	Joint_Module_4
49	Rps17	Joint_Module_4
50	Rps18	Joint_Module_4
51	Rps19	Joint_Module_4
52	Rps2	Joint_Module_4
53	Rps20	Joint_Module_4
54	Rps23	Joint_Module_4
55	Rps24	Joint_Module_4
56	Rps25	Joint_Module_4
57	Rps26	Joint_Module_4
58	Rps27a	Joint_Module_4
59	Rps29	Joint_Module_4
60	Rps3	Joint_Module_4
61	Rps3a1	Joint_Module_4
62	Rps5	Joint_Module_4
63	Rps9	Joint_Module_4
64	Sec61b	Joint_Module_4
65	Uba52	Joint_Module_4
66	Zfas1	Joint_Module_4
0	Acta2	Joint_Module_5
1	Adamts12	Joint_Module_5
2	Adgrd1	Joint_Module_5
3	Aebp1	Joint_Module_5
4	Aldh1a2	Joint_Module_5
5	Angptl7	Joint_Module_5
6	Bgn	Joint_Module_5
7	Bicc1	Joint_Module_5
8	Bmp1	Joint_Module_5
9	Bmper	Joint_Module_5
10	C1qtnf6	Joint_Module_5
11	C1ra	Joint_Module_5
12	C2	Joint_Module_5
13	Ccdc80	Joint_Module_5
14	Ccl24	Joint_Module_5
15	Ccn3	Joint_Module_5
16	Ccn4	Joint_Module_5
17	Cd248	Joint_Module_5
18	Cdh11	Joint_Module_5
19	Cfp	Joint_Module_5
20	Chst11	Joint_Module_5
21	Ckap4	Joint_Module_5
22	Clmp	Joint_Module_5
23	Col11a1	Joint_Module_5
24	Col12a1	Joint_Module_5
25	Col16a1	Joint_Module_5
26	Col5a1	Joint_Module_5
27	Col6a3	Joint_Module_5
28	Col8a1	Joint_Module_5
29	Colec12	Joint_Module_5
30	Crispld2	Joint_Module_5
31	Crtap	Joint_Module_5
32	Csf1r	Joint_Module_5
33	Csrp2	Joint_Module_5
34	Ctsb	Joint_Module_5
35	Dab2	Joint_Module_5
36	Des	Joint_Module_5
37	Dkk3	Joint_Module_5
38	Emilin1	Joint_Module_5
39	Emilin2	Joint_Module_5
40	Enc1	Joint_Module_5
41	Enpp2	Joint_Module_5
42	Enpp3	Joint_Module_5
43	F13a1	Joint_Module_5
44	Fam78b	Joint_Module_5
45	Fbn2	Joint_Module_5
46	Fcgr2b	Joint_Module_5
47	Fcgrt	Joint_Module_5
48	Fmod	Joint_Module_5
49	Fndc1	Joint_Module_5
50	Frzb	Joint_Module_5
51	Fst	Joint_Module_5
52	Fxyd5	Joint_Module_5
53	Fzd1	Joint_Module_5
54	Gas1	Joint_Module_5
55	Gjb5	Joint_Module_5
56	Gm12840	Joint_Module_5
57	Gm29408	Joint_Module_5
58	Gm45551	Joint_Module_5
59	Gm48942	Joint_Module_5
60	Gpr88	Joint_Module_5
61	Grem2	Joint_Module_5
62	Hspb1	Joint_Module_5
63	Hspg2	Joint_Module_5
64	Htra1	Joint_Module_5
65	Igf1	Joint_Module_5
66	Ikbip	Joint_Module_5
67	Il1r2	Joint_Module_5
68	Il6st	Joint_Module_5
69	Ildr2	Joint_Module_5
70	Islr	Joint_Module_5
71	Itgam	Joint_Module_5
72	Kcnj8	Joint_Module_5
73	Lbh	Joint_Module_5
74	Lgmn	Joint_Module_5
75	Lhfp	Joint_Module_5
76	Lhfpl2	Joint_Module_5
77	Lox	Joint_Module_5
78	Loxl1	Joint_Module_5
79	Loxl2	Joint_Module_5
80	Lrp1	Joint_Module_5
81	Lrrn2	Joint_Module_5
82	Ltbp2	Joint_Module_5
83	Ltbp4	Joint_Module_5
84	Lum	Joint_Module_5
85	Meis1	Joint_Module_5
86	Meis2	Joint_Module_5
87	Mfap2	Joint_Module_5
88	Mfap5	Joint_Module_5
89	Mgll	Joint_Module_5
90	Mmp14	Joint_Module_5
91	Msr1	Joint_Module_5
92	Mxra8	Joint_Module_5
93	Myh10	Joint_Module_5
94	Nav1	Joint_Module_5
95	Ncf4	Joint_Module_5
96	Nid1	Joint_Module_5
97	Nkain4	Joint_Module_5
98	Nkd2	Joint_Module_5
99	Nnmt	Joint_Module_5
100	Nppc	Joint_Module_5
101	Nrep	Joint_Module_5
102	Olfml2b	Joint_Module_5
103	Olfml3	Joint_Module_5
104	Olfr1033	Joint_Module_5
105	Osmr	Joint_Module_5
106	Osr1	Joint_Module_5
107	Pappa	Joint_Module_5
108	Pcolce	Joint_Module_5
109	Pdgfrl	Joint_Module_5
110	Pdzrn3	Joint_Module_5
111	Penk	Joint_Module_5
112	Piezo2	Joint_Module_5
113	Plcl1	Joint_Module_5
114	Plscr2	Joint_Module_5
115	Plxdc2	Joint_Module_5
116	Prickle1	Joint_Module_5
117	Ptger3	Joint_Module_5
118	Ptgis	Joint_Module_5
119	Ptn	Joint_Module_5
120	Rarres2	Joint_Module_5
121	Rcn1	Joint_Module_5
122	Rcn3	Joint_Module_5
123	Rftn1	Joint_Module_5
124	Rnase2a	Joint_Module_5
125	Ror2	Joint_Module_5
126	Selenom	Joint_Module_5
127	Serpinf1	Joint_Module_5
128	Serpinh1	Joint_Module_5
129	Slit3	Joint_Module_5
130	Spon1	Joint_Module_5
131	Stab1	Joint_Module_5
132	Sulf1	Joint_Module_5
133	Tent5a	Joint_Module_5
134	Tgfb3	Joint_Module_5
135	Thbs1	Joint_Module_5
136	Thbs2	Joint_Module_5
137	Timp1	Joint_Module_5
138	Timp3	Joint_Module_5
139	Tmem119	Joint_Module_5
140	Tmem45a	Joint_Module_5
141	Tnc	Joint_Module_5
142	Tnfrsf19	Joint_Module_5
143	Upk3b	Joint_Module_5
144	Vcan	Joint_Module_5
145	Wnt4	Joint_Module_5
146	Wt1	Joint_Module_5
147	Zcchc24	Joint_Module_5
0	A2m	Joint_Module_6
1	AI662270	Joint_Module_6
2	Acap1	Joint_Module_6
3	Adipoq	Joint_Module_6
4	Aif1	Joint_Module_6
5	Arhgap30	Joint_Module_6
6	Arhgap45	Joint_Module_6
7	Arhgdib	Joint_Module_6
8	Bank1	Joint_Module_6
9	Blk	Joint_Module_6
10	Blnk	Joint_Module_6
11	Btla	Joint_Module_6
12	C130026I21Rik	Joint_Module_6
13	C4b	Joint_Module_6
14	Car3	Joint_Module_6
15	Ccl17	Joint_Module_6
16	Ccl21a	Joint_Module_6
17	Ccl22	Joint_Module_6
18	Ccl5	Joint_Module_6
19	Ccl8	Joint_Module_6
20	Ccn5	Joint_Module_6
21	Ccr2	Joint_Module_6
22	Cd163	Joint_Module_6
23	Cd19	Joint_Module_6
24	Cd2	Joint_Module_6
25	Cd22	Joint_Module_6
26	Cd247	Joint_Module_6
27	Cd3d	Joint_Module_6
28	Cd3g	Joint_Module_6
29	Cd52	Joint_Module_6
30	Cd72	Joint_Module_6
31	Cd79a	Joint_Module_6
32	Cd79b	Joint_Module_6
33	Cfd	Joint_Module_6
34	Cilp	Joint_Module_6
35	Clec10a	Joint_Module_6
36	Cmah	Joint_Module_6
37	Col14a1	Joint_Module_6
38	Cr2	Joint_Module_6
39	Creld2	Joint_Module_6
40	Cxcl12	Joint_Module_6
41	Cxcl13	Joint_Module_6
42	Derl3	Joint_Module_6
43	Dio2	Joint_Module_6
44	Dio3	Joint_Module_6
45	Dnajc3	Joint_Module_6
46	Dock2	Joint_Module_6
47	Dpep1	Joint_Module_6
48	Eaf2	Joint_Module_6
49	Edem1	Joint_Module_6
50	Evi2a	Joint_Module_6
51	Fabp4	Joint_Module_6
52	Fam214a	Joint_Module_6
53	Fcrla	Joint_Module_6
54	Fgl2	Joint_Module_6
55	Fxyd6	Joint_Module_6
56	Gdf10	Joint_Module_6
57	Gimap1	Joint_Module_6
58	Gimap3	Joint_Module_6
59	Gimap4	Joint_Module_6
60	Gimap6	Joint_Module_6
61	Gimap7	Joint_Module_6
62	Gimap8	Joint_Module_6
63	Gm42427	Joint_Module_6
64	Gm43305	Joint_Module_6
65	Gm49980	Joint_Module_6
66	Gm5547	Joint_Module_6
67	Gm8995	Joint_Module_6
68	Gpr65	Joint_Module_6
69	H2-DMb2	Joint_Module_6
70	H2-Ob	Joint_Module_6
71	Ifi205	Joint_Module_6
72	Ifi27l2a	Joint_Module_6
73	Igha	Joint_Module_6
74	Ighd	Joint_Module_6
75	Ighg1	Joint_Module_6
76	Ighg2b	Joint_Module_6
77	Ighg2c	Joint_Module_6
78	Ighg3	Joint_Module_6
79	Ighm	Joint_Module_6
80	Igkc	Joint_Module_6
81	Igkj1	Joint_Module_6
82	Igkj2	Joint_Module_6
83	Igkv1-110	Joint_Module_6
84	Igkv1-117	Joint_Module_6
85	Igkv10-96	Joint_Module_6
86	Igkv12-41	Joint_Module_6
87	Igkv15-103	Joint_Module_6
88	Igkv17-121	Joint_Module_6
89	Igkv17-127	Joint_Module_6
90	Igkv3-1	Joint_Module_6
91	Igkv3-10	Joint_Module_6
92	Igkv3-2	Joint_Module_6
93	Igkv3-4	Joint_Module_6
94	Igkv3-5	Joint_Module_6
95	Igkv4-50	Joint_Module_6
96	Igkv4-68	Joint_Module_6
97	Igkv4-72	Joint_Module_6
98	Igkv5-48	Joint_Module_6
99	Igkv6-15	Joint_Module_6
100	Igkv8-19	Joint_Module_6
101	Igkv8-21	Joint_Module_6
102	Igkv8-30	Joint_Module_6
103	Iglc1	Joint_Module_6
104	Iglc2	Joint_Module_6
105	Iglc3	Joint_Module_6
106	Iglv1	Joint_Module_6
107	Iglv3	Joint_Module_6
108	Ikzf1	Joint_Module_6
109	Ikzf3	Joint_Module_6
110	Il16	Joint_Module_6
111	Il21r	Joint_Module_6
112	Il2rb	Joint_Module_6
113	Il7r	Joint_Module_6
114	Irf4	Joint_Module_6
115	Irf8	Joint_Module_6
116	Itgb7	Joint_Module_6
117	Itgbl1	Joint_Module_6
118	Itm2b	Joint_Module_6
119	Jaml	Joint_Module_6
120	Jchain	Joint_Module_6
121	Lax1	Joint_Module_6
122	Lpar1	Joint_Module_6
123	Manf	Joint_Module_6
124	Map4k1	Joint_Module_6
125	Mef2c	Joint_Module_6
126	Mfap4	Joint_Module_6
127	Mgl2	Joint_Module_6
128	Mmp3	Joint_Module_6
129	Mmrn1	Joint_Module_6
130	Ms4a1	Joint_Module_6
131	Mzb1	Joint_Module_6
132	Ogn	Joint_Module_6
133	Pax5	Joint_Module_6
134	Pdia4	Joint_Module_6
135	Pi16	Joint_Module_6
136	Pla2g2d	Joint_Module_6
137	Podn	Joint_Module_6
138	Pou2af1	Joint_Module_6
139	Pou2f2	Joint_Module_6
140	Prg2	Joint_Module_6
141	Rac2	Joint_Module_6
142	Rhoh	Joint_Module_6
143	Rnase6	Joint_Module_6
144	Sdf2l1	Joint_Module_6
145	Sec11c	Joint_Module_6
146	Sema3d	Joint_Module_6
147	Serp1	Joint_Module_6
148	Serpina3g	Joint_Module_6
149	Shisa3	Joint_Module_6
150	Shisa5	Joint_Module_6
151	Slamf6	Joint_Module_6
152	Slamf7	Joint_Module_6
153	Slc3a2	Joint_Module_6
154	Slpi	Joint_Module_6
155	Spcs3	Joint_Module_6
156	Spib	Joint_Module_6
157	Spn	Joint_Module_6
158	Ssr4	Joint_Module_6
159	Svep1	Joint_Module_6
160	Tnfrsf13b	Joint_Module_6
161	Tnfrsf13c	Joint_Module_6
162	Tnfsf13b	Joint_Module_6
163	Trac	Joint_Module_6
164	Traf3ip3	Joint_Module_6
165	Trp53inp1	Joint_Module_6
166	Txndc5	Joint_Module_6
167	Wdfy4	Joint_Module_6
0	AU015791	Joint_Module_7
1	Ace	Joint_Module_7
2	Adamts1	Joint_Module_7
3	Adamts15	Joint_Module_7
4	Adcy4	Joint_Module_7
5	Adgrl4	Joint_Module_7
6	Alas2	Joint_Module_7
7	Aplnr	Joint_Module_7
8	Apol11b	Joint_Module_7
9	Apold1	Joint_Module_7
10	Aqp1	Joint_Module_7
11	BC028528	Joint_Module_7
12	Bpgm	Joint_Module_7
13	CT010467.1	Joint_Module_7
14	Calcrl	Joint_Module_7
15	Car2	Joint_Module_7
16	Cd34	Joint_Module_7
17	Cd93	Joint_Module_7
18	Cdh5	Joint_Module_7
19	Cdr2	Joint_Module_7
20	Cldn5	Joint_Module_7
21	Clec14a	Joint_Module_7
22	Col4a2	Joint_Module_7
23	Dll4	Joint_Module_7
24	E2f2	Joint_Module_7
25	Ecscr	Joint_Module_7
26	Edn1	Joint_Module_7
27	Ednrb	Joint_Module_7
28	Egfl7	Joint_Module_7
29	Emid1	Joint_Module_7
30	Epb41	Joint_Module_7
31	Erg	Joint_Module_7
32	Esm1	Joint_Module_7
33	Fech	Joint_Module_7
34	Fendrr	Joint_Module_7
35	Fgd5	Joint_Module_7
36	Fhl1	Joint_Module_7
37	Flt1	Joint_Module_7
38	Gja5	Joint_Module_7
39	Gm13889	Joint_Module_7
40	Gm32051	Joint_Module_7
41	Gm4956	Joint_Module_7
42	Gpihbp1	Joint_Module_7
43	Gpx3	Joint_Module_7
44	Gucy1a1	Joint_Module_7
45	Gypa	Joint_Module_7
46	Hey1	Joint_Module_7
47	Higd1b	Joint_Module_7
48	Hsd11b1	Joint_Module_7
49	Icam2	Joint_Module_7
50	Igfbp2	Joint_Module_7
51	Isg20	Joint_Module_7
52	Itga1	Joint_Module_7
53	Itga8	Joint_Module_7
54	Jam2	Joint_Module_7
55	Ldb2	Joint_Module_7
56	March2	Joint_Module_7
57	Mcam	Joint_Module_7
58	Mkrn1	Joint_Module_7
59	Nts	Joint_Module_7
60	Pcdh17	Joint_Module_7
61	Pde5a	Joint_Module_7
62	Peg3	Joint_Module_7
63	Plvap	Joint_Module_7
64	Pmp22	Joint_Module_7
65	Prex2	Joint_Module_7
66	Ptprb	Joint_Module_7
67	Ramp2	Joint_Module_7
68	Rasip1	Joint_Module_7
69	Rbp7	Joint_Module_7
70	Rhoj	Joint_Module_7
71	Robo4	Joint_Module_7
72	Rsad2	Joint_Module_7
73	S1pr1	Joint_Module_7
74	Sema3g	Joint_Module_7
75	Sept4	Joint_Module_7
76	Slc25a39	Joint_Module_7
77	Slc4a1	Joint_Module_7
78	Snca	Joint_Module_7
79	Sox17	Joint_Module_7
80	Spock2	Joint_Module_7
81	Spta1	Joint_Module_7
82	Tent5c	Joint_Module_7
83	Tie1	Joint_Module_7
84	Tmcc2	Joint_Module_7
85	Tmem100	Joint_Module_7
86	Tmem204	Joint_Module_7
87	Trim10	Joint_Module_7
88	Ube2l6	Joint_Module_7
89	Ube2o	Joint_Module_7
90	Ushbp1	Joint_Module_7
91	Vwf	Joint_Module_7
0	AU020206	Joint_Module_8
1	Abcg1	Joint_Module_8
2	Acp5	Joint_Module_8
3	Akap5	Joint_Module_8
4	Alox5ap	Joint_Module_8
5	Apbb1ip	Joint_Module_8
6	Bst1	Joint_Module_8
7	Car4	Joint_Module_8
8	Cebpb	Joint_Module_8
9	Clec4n	Joint_Module_8
10	Clec7a	Joint_Module_8
11	Ctsk	Joint_Module_8
12	Cybb	Joint_Module_8
13	Ear1	Joint_Module_8
14	Ear2	Joint_Module_8
15	F10	Joint_Module_8
16	F7	Joint_Module_8
17	Fcer1g	Joint_Module_8
18	Ftl1-ps1	Joint_Module_8
19	Il1b	Joint_Module_8
20	Itgax	Joint_Module_8
21	Itgb2	Joint_Module_8
22	Laptm5	Joint_Module_8
23	Lcp1	Joint_Module_8
24	Lpl	Joint_Module_8
25	Ltc4s	Joint_Module_8
26	Marco	Joint_Module_8
27	Mcemp1	Joint_Module_8
28	Mpeg1	Joint_Module_8
29	Msrb1	Joint_Module_8
30	Myo5a	Joint_Module_8
31	Ncf1	Joint_Module_8
32	Ncf2	Joint_Module_8
33	Plek	Joint_Module_8
34	Plet1	Joint_Module_8
35	S100a9	Joint_Module_8
36	Sirpa	Joint_Module_8
37	Sirpb1c	Joint_Module_8
38	Sla	Joint_Module_8
39	Slfn2	Joint_Module_8
40	Sptbn1	Joint_Module_8
41	Tyrobp	Joint_Module_8
42	Wfdc17	Joint_Module_8
43	Wfdc21	Joint_Module_8
44	Zrsr1	Joint_Module_8
0	Arnt2	Joint_Module_9
1	BC023105	Joint_Module_9
2	Batf3	Joint_Module_9
3	Bst2	Joint_Module_9
4	Cd8a	Joint_Module_9
5	Cmpk2	Joint_Module_9
6	Cxcl10	Joint_Module_9
7	Cxcl11	Joint_Module_9
8	F830016B08Rik	Joint_Module_9
9	Gbp2	Joint_Module_9
10	Gbp2b	Joint_Module_9
11	Gbp3	Joint_Module_9
12	Gbp4	Joint_Module_9
13	Gbp6	Joint_Module_9
14	Gbp7	Joint_Module_9
15	Gbp8	Joint_Module_9
16	Gm12185	Joint_Module_9
17	Gm12250	Joint_Module_9
18	Gm42763	Joint_Module_9
19	Gm4841	Joint_Module_9
20	Gm4951	Joint_Module_9
21	Gm6545	Joint_Module_9
22	H2-Q4	Joint_Module_9
23	H2-T10	Joint_Module_9
24	H2-T22	Joint_Module_9
25	Ifi44	Joint_Module_9
26	Ifi47	Joint_Module_9
27	Ifit1	Joint_Module_9
28	Ifit2	Joint_Module_9
29	Ifit3	Joint_Module_9
30	Ifit3b	Joint_Module_9
31	Igtp	Joint_Module_9
32	Iigp1	Joint_Module_9
33	Irf1	Joint_Module_9
34	Irf7	Joint_Module_9
35	Irgm1	Joint_Module_9
36	Irgm2	Joint_Module_9
37	Isg15	Joint_Module_9
38	Klrb1b	Joint_Module_9
39	Ly6i	Joint_Module_9
40	Mx2	Joint_Module_9
41	Nkg7	Joint_Module_9
42	Nlrc5	Joint_Module_9
43	Oas3	Joint_Module_9
44	Oasl1	Joint_Module_9
45	Oasl2	Joint_Module_9
46	Parp14	Joint_Module_9
47	Psmb10	Joint_Module_9
48	Psme2	Joint_Module_9
49	Rnf19b	Joint_Module_9
50	Rnf213	Joint_Module_9
51	Rtp4	Joint_Module_9
52	Samhd1	Joint_Module_9
53	Socs1	Joint_Module_9
54	Stat1	Joint_Module_9
55	Stat2	Joint_Module_9
56	Tap1	Joint_Module_9
57	Tgtp1	Joint_Module_9
58	Tgtp2	Joint_Module_9
59	Tnfaip2	Joint_Module_9
60	Ubd	Joint_Module_9
61	Usp18	Joint_Module_9
62	Xaf1	Joint_Module_9
